sample	n_consensus_files
23Q06	2
23Q10	2
23Q11	2
23Q37	2
23Q39	2
23Q40	2
23Q41	2
23Q42	2
23Q43	2
23Q44	2
23Q46	2
23Q48	2
23Q51	2
23Q52	2
23Q62	2
23Q65	2
23Q66	2
23Q94	2
23R06	2
23R11	2
23R12	2
23R15	2
23R16	2
23R17	2
23R20	2
23R25	2
23R26	2
23R29	2
23R37	2
23R38	2
23R40	2
23R42	2
23R45	2
23R46	2
23R47	2
23R51	2
23R52	2
23R61	2
23R64	2
23R65	2
24P87	2
24P89	2
24P95	2
CR1002	2
CR1124	2
CR1298	2
ERR10116846	2
ERR2040449	2
ERR2560444	2
ERR2560538	2
ERR3454146	2
ERR3487354	2
ERR3822209	2
ERR4221768	2
ERR4880718	2
ERR7621926	2
ERR7621928	2
ERR7621929	2
ERR7621937	2
ERR7621938	2
ERR7621941	2
ERR7621945	2
ERR7621946	2
ERR7621947	2
ERR7621948	2
ERR7621949	2
ERR7621956	2
ERR7621957	2
ERR7621958	2
ERR7621959	2
ERR7621960	2
ERR7621961	2
ERR7621963	2
ERR7621965	2
ERR7621966	2
ERR7621967	2
ERR9230199	2
ERR9941677	2
FW1036	2
FW1139	2
FW1150	2
FW1192	2
FW1254	2
FW1266	2
FW140	2
FW1765	2
FW284	2
FW616	2
FW732	2
FW757	2
FW764	2
FW943	2
HEID400803	2
HEID400861	2
HEID401915	2
HEID402743	2
HEID404442	2
HEID408979	2
HEID410287	2
HEID410424	2
HEID410425	2
HEID500003	2
HEID500025	2
HEID500027	2
HEID500028	2
HEID500619	2
HEID501419	2
HEID501437	2
HEID501441	2
HEID501601	2
HEID502724	2
HEID502794	2
HEID502828	2
HEID502831	2
HEID502832	2
HEID502863	2
HEID502973	2
HEID503129	2
HEID503376	2
HEID504021	2
HEID504118	2
HEID504190	2
HEID504191	2
HEID504192	2
HEID504398	2
HEID504403	2
HEID504407	2
HEID504408	2
HEID504420	2
HEID504534	2
HEID504567	2
HEID504568	2
HEID504668	2
HEID504745	2
HEID504881	2
HEID504984	2
HEID504987	2
HEID505117	2
HEID505118	2
HEID505242	2
HEID505429	2
HEID505644	2
HEID505738	2
HEID700481	2
HEID712283	2
HEID784061	2
HEID8000070	2
HEID8000142	2
HEID8000499	2
HEID8000504	2
HEID8000506	2
HEID8000518	2
HEID8000522	2
HEID8000525	2
HEID8000538	2
HEID8000549	2
HEID8000558	2
HEID8000563	2
HEID8000568	2
HEID8000605	2
HEID8000610	2
HEID8000613	2
HEID8000624	2
HEID8000693	2
HEID8000699	2
HEID8000704	2
HEID8000713	2
HEID8000728	2
HEID8000732	2
HEID8000736	2
HEID8000744	2
HEID8000769	2
HEID8000785	2
HEID8000811	2
HEID8000822	2
HEID8000823	2
HEID8000829	2
HEID8000831	2
HEID8000833	2
HEID8000879	2
HEID8000913	2
HEID8002960	2
HEID8003102	2
HEID8003104	2
HEID8003105	2
HEID8003115	2
HEID8003120	2
HEID8003122	2
HEID8003126	2
HEID8003133	2
HEID8003137	2
HEID8003143	2
HEID8003146	2
HEID8003150	2
HEID8003157	2
HEID8003171	2
HEID8003172	2
HEID8003177	2
HEID8003181	2
HEID8003184	2
HEID8003188	2
HEID8003207	2
HEID8003238	2
HEID8003249	2
HEID8003258	2
HEID8003261	2
HEID8003262	2
HEID8003265	2
HEID8003271	2
HEID8003279	2
HEID8003289	2
HEID8003292	2
HEID8003299	2
HEID8003308	2
HEID8003334	2
HEID8003343	2
HEID8003372	2
HEID8003394	2
HEID8003408	2
HEID8003410	2
HEID8003427	2
HEID8003429	2
HEID8003431	2
HEID8003474	2
HEID8003482	2
HEID8003485	2
HEID8006711	2
HEID8007748	2
HEID8007803	2
HEID8007889	2
HEID8007999	2
HEID8008035	2
HEID8008053	2
HEID8008073	2
HEID8008102	2
HEID8008106	2
HEID8008107	2
HEID8008110	2
HEID8008112	2
HEID8008113	2
HEID8008116	2
HEID8008121	2
HEID8008213	2
HEID8008261	2
HEID8008306	2
HEID8008332	2
HEID8008532	2
HEID8008546	2
HEID8008561	2
HEID8008598	2
HEID8008599	2
HEID8008606	2
HEID8008752	2
HEID8008794	2
HEID8008881	2
HEID8008974	2
HEID8008999	2
HEID8009144	2
HEID8009274	2
HEID8009938	2
HEID8009940	2
HEID8009942	2
HEID8009943	2
HEID8009947	2
HEID8009950	2
HEID8009951	2
HEID8009952	2
HEID8009953	2
HEID8009954	2
HEID8009955	2
HEID8009960	2
HEID8009961	2
HEID8009962	2
HEID8009963	2
HEID8009964	2
HEID8009965	2
HEID8009967	2
HEID8009968	2
HEID8009971	2
HEID8009973	2
HEID8009974	2
HEID8009975	2
HEID8009976	2
HEID8009978	2
HEID8009979	2
HEID8009980	2
HEID8009981	2
HEID8009984	2
HEID8009986	2
HEID8009987	2
HEID8009989	2
HEID8009990	2
HEID8009993	2
HEID8009999	2
HEID8010021	2
HEID8010033	2
HEID8010044	2
HEID8010045	2
HEID8010046	2
HEID8010050	2
HEID8010056	2
HEID8010059	2
HEID8010066	2
HEID8010067	2
HEID8010072	2
HEID8010077	2
HEID8010080	2
HEID8010110	2
HEID8010113	2
HEID8010118	2
HEID8010125	2
HEID8010127	2
HEID8010128	2
HEID8010129	2
HEID8010130	2
HEID8010131	2
HEID8010134	2
HEID8010135	2
HEID8010136	2
HEID8010137	2
HEID8010138	2
HEID8010140	2
HEID8010141	2
HEID8010146	2
HEID8010147	2
HEID8010149	2
HEID8010151	2
HEID8010154	2
HEID8010158	2
HEID8010165	2
HEID8010166	2
HEID8010169	2
HEID8010170	2
HEID8010171	2
HEID8010175	2
HEID8010176	2
HEID8010177	2
HEID8010183	2
HEID8010187	2
HEID8010188	2
HEID8010189	2
HEID8010190	2
HEID8010192	2
HEID8010198	2
HEID8010203	2
HEID8010213	2
HEID8010217	2
HEID8010225	2
HEID8010229	2
HEID8010234	2
HEID8010237	2
HEID8010238	2
HEID8010239	2
HEID8010240	2
HEID8010241	2
HEID8010243	2
HEID8010244	2
HEID8010246	2
HEID8010247	2
HEID8010248	2
HEID8010251	2
HEID8010254	2
HEID8010256	2
HEID8010257	2
HEID8010258	2
HEID8010259	2
HEID8010260	2
HEID8010262	2
HEID8010263	2
HEID8010264	2
HEID8010265	2
HEID8010266	2
HEID8010267	2
HEID8010268	2
HEID8010272	2
HEID8010273	2
HEID8010274	2
HEID8010275	2
HEID8010276	2
HEID8010277	2
HEID8010279	2
HEID8010280	2
HEID8010283	2
HEID8010284	2
HEID8010285	2
HEID8010286	2
HEID8010287	2
HEID8010288	2
HEID8010289	2
HEID8010290	2
HEID8010291	2
HEID8010293	2
HEID8010294	2
HEID8010295	2
HEID8010296	2
HEID8010297	2
HEID8010298	2
HEID8010299	2
HEID8010300	2
HEID8010301	2
HEID8010302	2
HEID8010303	2
HEID8010304	2
HEID8010305	2
HEID8010324	2
HEID8010325	2
HEID8010335	2
HEID8010336	2
HEID8010338	2
HEID8010339	2
HEID8010342	2
HEID8010347	2
HEID8010353	2
HEID8010397	2
HEID8010398	2
HEID8010399	2
HEID8010400	2
HEID8010402	2
HEID8010405	2
HEID8010406	2
HEID8010409	2
HEID8010806	2
HEID8010811	2
HEID8010812	2
HEID8010813	2
HEID8010815	2
HEID8010817	2
HEID8010818	2
HEID8010819	2
HEID8010820	2
HEID8010821	2
HEID8010822	2
HEID8010823	2
HEID8010824	2
HEID8010826	2
HEID8010827	2
HEID809730	2
HEID9200106	2
HEID9200251	2
HEID9200281	2
HEID9200300	2
JB101	2
JB103	2
JB108	2
JB1176	2
JB1216	2
JB1275	2
JB1279	2
JB1287	2
JB1624	2
JB166	2
JB178	2
JB181	2
JB194	2
JB199	2
JB203	2
JB220	2
JB234	2
JB236	2
JB257	2
JB273	2
JB274	2
JB277	2
JB284	2
JB418	2
JB895	2
JB967	2
LA341	2
LaiQ176P4	2
LaiQ184P1	2
NA_sn	2
NB1	2
NB10	2
NB2	2
NB3	2
NB4	2
NB9	2
ODN163	2
ODN61	2
PAFTOL_005410	2
PAFTOL_005411	2
PAFTOL_008053	2
PAFTOL_014331	2
PAFTOL_019419	2
PAFTOL_019443	2
PAFTOL_019459	2
PAFTOL_023477	2
PAFTOL_023511	2
PAFTOL_023513	2
PAFTOL_023515	2
PAFTOL_023519	2
RB325	2
RB327	2
RB35	2
RB36	2
RB360	2
RB668	2
RB682	2
RB958	2
S0055	2
S0156	2
S0196	2
S0268	2
S0273	2
S0277	2
S0278	2
S0279	2
S0280	2
S0281	2
S0282	2
S0283	2
S0284	2
S0285	2
S0286	2
S0287	2
S0288	2
S0289	2
S0292	2
S0293	2
S0294	2
S0295	2
S0296	2
S0297	2
S0298	2
S0299	2
S0300	2
S0301	2
S0303	2
S0305	2
S0306	2
S0308	2
S0309	2
S0310	2
S0312	2
S0313	2
S0315	2
S0316	2
S0317	2
S0320	2
S0322	2
S0323	2
S0324	2
S0327	2
S0328	2
S0329	2
S0330	2
S0331	2
S0336	2
S0338	2
S0339	2
S0340	2
S0342	2
S0343	2
S0344	2
S0345	2
S0346	2
S0348	2
S0349	2
S0350	2
S0351	2
S0352	2
S0354	2
S0355	2
S0358	2
S0359	2
S0360	2
S0361	2
S0362	2
S0363	2
S0364	2
S0371	2
S0373	2
S0374	2
S0375	2
S0376	2
S0377	2
S0379	2
S0380	2
S0381	2
S0383	2
S0384	2
S0385	2
S0388	2
S0389	2
S0391	2
S0392	2
S0398	2
S0400	2
S0401	2
S0403	2
S0404	2
S0405	2
S0407	2
S0408	2
S0409	2
S0410	2
S0411	2
S0412	2
S0417	2
S0419	2
S0420	2
S0421	2
S0424	2
S0426	2
S0427	2
S0428	2
S0430	2
S0431	2
S0435	2
S0436	2
S0438	2
S0442	2
S0443	2
S0448	2
S0450	2
S0451	2
S0453	2
S0455	2
S0462	2
S0464	2
S0467	2
S0468	2
S0469	2
S0472	2
S0473	2
S0474	2
S0475	2
S0476	2
S0478	2
S0479	2
S0480	2
S0481	2
S0485	2
S0486	2
S0487	2
S0488	2
S0490	2
S0491	2
S0494	2
S0495	2
S0496	2
S0497	2
S0499	2
S0501	2
S0502	2
S0503	2
S0504	2
S0506	2
S0507	2
S0509	2
S0516	2
S0517	2
S0518	2
S0519	2
S0521	2
S0523	2
S0527	2
S0529	2
S0531	2
S0533	2
S0534	2
S0535	2
S0536	2
S0538	2
S0540	2
S0544	2
S0547	2
S0548	2
S0552	2
S0553	2
S0554	2
S0555	2
S0556	2
S0558	2
S0560	2
S0564	2
S0565	2
S0568	2
S0570	2
S0575	2
S0577	2
S0578	2
S0579	2
S0581	2
S0583	2
S0585	2
S0587	2
S0588	2
S0590	2
S0591	2
S0593	2
S0600	2
S0603	2
S0605	2
S0607	2
S0609	2
S0612	2
S0616	2
S0617	2
S0619	2
S0620	2
S0624	2
S0628	2
S0630	2
S0631	2
S0632	2
S0633	2
S0634	2
S0635	2
S0637	2
S0638	2
S0639	2
S0641	2
S0642	2
S0643	2
S0645	2
S0646	2
S0647	2
S0650	2
S0654	2
S0655	2
S0656	2
S0657	2
S0658	2
S0660	2
S0662	2
S0663	2
S0664	2
S0667	2
S0668	2
S0669	2
S0670	2
S0671	2
S0672	2
S0673	2
S0674	2
S0675	2
S0677	2
S0678	2
S0680	2
S0681	2
S0682	2
S0683	2
S0686	2
S0687	2
S0688	2
S0689	2
S0690	2
S0691	2
S0698	2
S0699	2
S0702	2
S0706	2
S0707	2
S0708	2
S0709	2
S0710	2
S0711	2
S0713	2
S0714	2
S0715	2
S0716	2
S0717	2
S0718	2
S0720	2
S0722	2
S0723	2
S0724	2
S0726	2
S0727	2
S0728	2
S0731	2
S0732	2
S0733	2
S0735	2
S0738	2
S0739	2
S0740	2
S0741	2
S0742	2
S0743	2
S0744	2
S0745	2
S0746	2
S0747	2
S0748	2
S0751	2
S0752	2
S0753	2
S0754	2
S0756	2
S0757	2
S0758	2
S0760	2
S0761	2
S0762	2
S0763	2
S0764	2
S0765	2
S0766	2
S0768	2
S0770	2
S0771	2
S0772	2
S0774	2
S0775	2
S0777	2
S0778	2
S0779	2
S0781	2
S0782	2
S0783	2
S0784	2
S0786	2
S0787	2
S0789	2
S0791	2
S0792	2
S0793	2
S0794	2
S0795	2
S0796	2
S0797	2
S0798	2
S0799	2
S0801	2
S0804	2
S0806	2
S0807	2
S0809	2
S0810	2
S0811	2
S0813	2
S0815	2
S0816	2
S0817	2
S0818	2
S0819	2
S0820	2
S0821	2
S0822	2
S0823	2
S0824	2
S0825	2
S0827	2
S0828	2
S0829	2
S0831	2
S0832	2
S0833	2
S0834	2
S0836	2
S0838	2
S0839	2
S0840	2
S0841	2
S0844	2
S0845	2
S0846	2
S0847	2
S0848	2
S0850	2
S0851	2
S0855	2
S0861	2
S0862	2
S0863	2
S0864	2
S0865	2
S0866	2
S0868	2
S0869	2
S0874	2
S0875	2
S0876	2
S0877	2
S0878	2
S0880	2
S0881	2
S0882	2
S0883	2
S0884	2
S0885	2
S0886	2
S0887	2
S0888	2
S0889	2
S0890	2
S0892	2
S0893	2
S0894	2
S0895	2
S0896	2
S0897	2
S0898	2
S0899	2
S0901	2
S0902	2
S0903	2
S0904	2
S0906	2
S0907	2
S0908	2
S0909	2
S0910	2
S0912	2
S0914	2
S0915	2
S0916	2
S0919	2
S0921	2
S0923	2
S0924	2
S0927	2
S0931	2
S0940	2
S0941	2
S0942	2
S0943	2
S0944	2
S0945	2
S0946	2
S0947	2
S0948	2
S0949	2
S0951	2
S0952	2
S0954	2
S0956	2
S0957	2
S0959	2
S0960	2
S0963	2
S0964	2
S0967	2
S0968	2
S0969	2
S0973	2
S0974	2
S0975	2
S0978	2
S0979	2
S0980	2
S0981	2
S0984	2
S0986	2
S0987	2
S0988	2
S0991	2
S0992	2
S0993	2
S0994	2
S0996	2
S1001	2
S1002	2
S1003	2
S1005	2
S1009	2
S1010	2
S1013	2
S1014	2
S1015	2
S1017	2
S1019	2
S1021	2
S1022	2
S1023	2
S1024	2
S1025	2
S1026	2
S1030	2
S1032	2
S1033	2
S1034	2
S1035	2
S1037	2
S1038	2
S1039	2
S1040	2
S1043	2
S1044	2
S1045	2
S1050	2
S1052	2
S1055	2
S1056	2
S1057	2
S1060	2
S1061	2
S1063	2
S1065	2
S1066	2
S1068	2
S1069	2
S1070	2
S1072	2
S1074	2
S1077	2
S1078	2
S1080	2
S1081	2
S1083	2
S1084	2
S1088	2
S1089	2
S1090	2
S1091	2
S1092	2
S1093	2
S1094	2
S1095	2
S1096	2
S1097	2
S1098	2
S1099	2
S1100	2
S1101	2
S1102	2
S1103	2
S1106	2
S1109	2
S1110	2
S1111	2
S1112	2
S1114	2
S1115	2
S1116	2
S1117	2
S1118	2
S1120	2
S1121	2
S1122	2
S1125	2
S1128	2
S1129	2
S1130	2
S1131	2
S1132	2
S1133	2
S1134	2
S1135	2
S1136	2
S1137	2
S1138	2
S1140	2
S1141	2
S1142	2
S1143	2
S1144	2
S1145	2
S1146	2
S1147	2
S1148	2
S1150	2
S1151	2
S1152	2
S1153	2
S1154	2
S1155	2
S1156	2
S1159	2
S1160	2
S1163	2
S1164	2
S1166	2
S1168	2
S1169	2
S1171	2
S1172	2
S1173	2
S1174	2
S1175	2
S1176	2
S1177	2
S1178	2
S1179	2
S1180	2
S1181	2
S1182	2
S1183	2
S1184	2
S1185	2
S1187	2
S1188	2
S1189	2
S1191	2
S1192	2
S1197	2
S1199	2
S1201	2
S1204	2
S1207	2
S1208	2
S1209	2
S1210	2
S1211	2
S1212	2
S1213	2
S1214	2
S1216	2
S1217	2
S1218	2
S1219	2
S1220	2
S1221	2
S1223	2
S1224	2
S1226	2
S1227	2
S1228	2
S1229	2
S1230	2
S1231	2
S1232	2
S1234	2
S1235	2
S1236	2
S1237	2
S1238	2
S1239	2
S1240	2
S1241	2
S1242	2
S1243	2
S1244	2
S1245	2
S1246	2
S1247	2
S1249	2
S1250	2
S1251	2
S1252	2
S1254	2
S1255	2
S1258	2
S1259	2
S1260	2
S1261	2
S1262	2
S1265	2
S1266	2
S1269	2
S1270	2
S1271	2
S1274	2
S1275	2
S1276	2
S1278	2
S1279	2
S1280	2
S1281	2
S1282	2
S1283	2
S1284	2
S1285	2
S1288	2
S1289	2
S1292	2
S1293	2
S1294	2
S1295	2
S1296	2
S1297	2
S1298	2
S1299	2
S1300	2
S1302	2
S1303	2
S1304	2
S1305	2
S1306	2
S1307	2
S1309	2
S1310	2
S1311	2
S1312	2
S1313	2
S1314	2
S1315	2
S1316	2
S1318	2
S1319	2
S1324	2
S1325	2
S1326	2
S1328	2
S1330	2
S1331	2
S1332	2
S1333	2
S1334	2
S1336	2
S1338	2
S1339	2
S1341	2
S1343	2
S1344	2
S1345	2
S1346	2
S1347	2
S1348	2
S1349	2
S1350	2
S1351	2
S1353	2
S1354	2
S1357	2
S1358	2
S1359	2
S1360	2
S1361	2
S1362	2
S1363	2
S1364	2
S1365	2
S1366	2
S1367	2
S1368	2
S1369	2
S1370	2
S1374	2
S1375	2
S1376	2
S1377	2
S1378	2
S1381	2
S1384	2
S1386	2
S1387	2
S1388	2
S1389	2
S1396	2
S1398	2
S1400	2
S1401	2
S1405	2
S1407	2
S1409	2
S1417	2
S1419	2
S1421	2
S1422	2
S1424	2
S1428	2
S1434	2
S1440	2
S1442	2
S1448	2
S1449	2
S1451	2
S1453	2
S1454	2
S1455	2
S1458	2
S1459	2
S1460	2
S1462	2
S1463	2
S1464	2
S1472	2
S1474	2
S1475	2
S1488	2
S1493	2
S1496	2
S1497	2
S1498	2
S1504	2
S1506	2
S1507	2
S1508	2
S1514	2
S1516	2
S1517	2
S1519	2
S1520	2
S1533	2
S1539	2
S1542	2
S1545	2
S1547	2
S1549	2
S1551	2
S1553	2
S1555	2
S1561	2
S1562	2
S1568	2
S1569	2
S1575	2
S1579	2
S1593	2
S1594	2
S1596	2
S1597	2
S1601	2
S1604	2
S1624	2
S1625	2
S1638	2
S1640	2
S1641	2
S1643	2
S1644	2
S1645	2
S1646	2
S1647	2
S1648	2
S1651	2
S1652	2
S1653	2
S1654	2
S1655	2
S1657	2
S1658	2
S1659	2
S1660	2
S1661	2
S1662	2
S1663	2
S1664	2
S1665	2
S1666	2
S1670	2
S1671	2
S1686	2
S1688	2
S1689	2
S1690	2
S1691	2
S1695	2
S1698	2
S1699	2
S1700	2
S1704	2
S1705	2
S1707	2
S1708	2
S1709	2
S1712	2
S1713	2
S1714	2
S1715	2
S1720	2
S1723	2
S1727	2
S1728	2
S1729	2
S1731	2
S1739	2
S1740	2
S1741	2
S1744	2
S1747	2
S1748	2
S1749	2
S1750	2
S1751	2
S1752	2
S1753	2
S1754	2
S1755	2
S1760	2
S1766	2
S1768	2
S1769	2
S1771	2
S1772	2
S1773	2
S1774	2
S1775	2
S1776	2
S1777	2
S1778	2
S1779	2
S1780	2
S1781	2
S1782	2
S1783	2
S1784	2
S1785	2
S1786	2
S1787	2
S1788	2
S1790	2
S1791	2
S1792	2
S1793	2
S1794	2
S1795	2
S1797	2
S1798	2
S1799	2
S1800	2
S1801	2
S1802	2
S1803	2
S1804	2
S1805	2
S1808	2
S1811	2
S1812	2
S1813	2
S1814	2
S1816	2
S1817	2
S1818	2
S1819	2
S1820	2
S1821	2
S1822	2
S1823	2
S1824	2
S1825	2
S1826	2
S1827	2
S1828	2
S1829	2
S1831	2
S1833	2
S1834	2
S1835	2
S1836	2
S1837	2
S1838	2
S1839	2
S1840	2
S1841	2
S1842	2
S1843	2
S1844	2
S1846	2
S1847	2
S1848	2
S1849	2
S1850	2
S1851	2
S1852	2
S1853	2
S1854	2
S1855	2
S1856	2
S1857	2
S1858	2
S1859	2
S1860	2
S1861	2
S1863	2
S1864	2
S1866	2
S1867	2
S1868	2
S1875	2
S1877	2
S1878	2
S1881	2
S1882	2
S1884	2
S1885	2
S1892	2
S1894	2
S1898	2
S1903	2
S1904	2
S1905	2
S1907	2
S1908	2
S1909	2
S1910	2
S1912	2
S1913	2
S1914	2
S1915	2
S1917	2
S1919	2
S1920	2
S1921	2
S1922	2
S1923	2
S1924	2
S1926	2
S1927	2
S1928	2
S1929	2
S1930	2
S1931	2
S1932	2
S1933	2
S1934	2
S1935	2
S1936	2
S1937	2
S1938	2
S1939	2
S1944	2
S1945	2
S1947	2
S1948	2
S1949	2
S1953	2
S1954	2
S1955	2
S1957	2
S1958	2
S1959	2
S1960	2
S1961	2
S1967	2
S1968	2
S1969	2
S1970	2
S1976	2
S1977	2
S1989	2
S1994	2
S1996	2
S1997	2
S1998	2
S2001	2
S2002	2
S2003	2
S2005	2
S2007	2
S2008	2
S2012	2
S2013	2
S2016	2
S2017	2
S2018	2
S2019	2
S2022	2
S2023	2
S2032	2
S2036	2
S2037	2
S2040	2
S2042	2
S2044	2
S2046	2
S2047	2
S2048	2
S2050	2
S2051	2
S2052	2
S2055	2
S2056	2
S2057	2
S2061	2
S2062	2
S2064	2
S2065	2
S2066	2
S2072	2
S2073	2
S2075	2
S2076	2
S2077	2
S2078	2
S2081	2
S2082	2
S2086	2
S2088	2
S2090	2
S2091	2
S2092	2
S2093	2
S2094	2
S2095	2
S2096	2
S2098	2
S2099	2
S2100	2
S2102	2
S2103	2
S2104	2
S2105	2
S2106	2
S2107	2
S2108	2
S2109	2
S2110	2
S2112	2
S2114	2
S2115	2
S2116	2
S2117	2
S2118	2
S2119	2
S2120	2
S2121	2
S2122	2
S2123	2
S2124	2
S2125	2
S2126	2
S2127	2
S2128	2
S2129	2
S2130	2
S2131	2
S2132	2
S2135	2
S2136	2
S2137	2
S2138	2
S2144	2
S2145	2
S2146	2
S2148	2
S2149	2
S2150	2
S2151	2
S2152	2
S2154	2
S2155	2
S2156	2
S2157	2
S2159	2
S2160	2
S2162	2
S2163	2
S2164	2
S2165	2
S2166	2
S2167	2
S2168	2
S2169	2
S2170	2
S2172	2
S2175	2
S2176	2
S2177	2
S2178	2
S2180	2
S2181	2
S2182	2
S2183	2
S2184	2
S2185	2
S2186	2
S2187	2
S2188	2
S2189	2
S2191	2
S2192	2
S2195	2
S2196	2
S2197	2
S2198	2
S2199	2
S2200	2
S2201	2
S2202	2
S2203	2
S2204	2
S2205	2
S2206	2
S2208	2
S2209	2
S2212	2
S2213	2
S2214	2
S2216	2
S2217	2
S2219	2
S2220	2
S2221	2
S2222	2
S2224	2
S2226	2
S2227	2
S2228	2
S2229	2
S2230	2
S2231	2
S2232	2
S2233	2
S2234	2
S2235	2
S2237	2
S2238	2
S2239	2
S2240	2
S2241	2
S2242	2
S2244	2
S2245	2
S2246	2
S2247	2
S2249	2
S2251	2
S2253	2
S2254	2
S2258	2
S2260	2
S2265	2
S2267	2
S2269	2
S2273	2
S2276	2
S2283	2
S2288	2
S2290	2
S2291	2
S2295	2
S2299	2
S2301	2
S2305	2
S2309	2
S2311	2
S2315	2
S2316	2
S2324	2
S2326	2
S2328	2
S2330	2
S2332	2
S2334	2
S2343	2
S2348	2
S2350	2
S2351	2
S2353	2
S2354	2
S2355	2
S2357	2
S2358	2
S2359	2
S2360	2
S2362	2
S2363	2
S2365	2
S2366	2
S2367	2
S2374	2
S2375	2
S2378	2
S2379	2
S2383	2
S2386	2
S2388	2
S2392	2
S2393	2
S2395	2
S2396	2
S2397	2
S2398	2
S2400	2
S2401	2
S2402	2
S2403	2
S2404	2
S2405	2
S2406	2
S2408	2
S2410	2
S2411	2
S2412	2
S2413	2
S2416	2
S2417	2
S2418	2
S2419	2
S2420	2
S2421	2
S2423	2
S2424	2
S2425	2
S2426	2
S2429	2
S2431	2
S2432	2
S2433	2
S2434	2
S2435	2
S2436	2
S2437	2
S2438	2
S2439	2
S2441	2
S2442	2
S2444	2
S2446	2
S2447	2
S2448	2
S2449	2
S2451	2
S2452	2
S2454	2
S2455	2
S2456	2
S2457	2
S2458	2
S2459	2
S2462	2
S2463	2
S2465	2
S2466	2
S2468	2
S2469	2
S2470	2
S2473	2
S2474	2
S2475	2
S2477	2
S2478	2
S2479	2
S2481	2
S2483	2
S2484	2
S2485	2
S2486	2
S2487	2
S2489	2
S2491	2
S2492	2
S2493	2
S2494	2
S2495	2
S2496	2
S2497	2
S2498	2
S2501	2
S2502	2
S2503	2
S2504	2
S2505	2
S2507	2
S2508	2
S2509	2
S2511	2
S2512	2
S2514	2
S2515	2
S2517	2
S2518	2
S2521	2
S2524	2
S2525	2
S2526	2
S2527	2
S2528	2
S2529	2
S2530	2
S2531	2
S2533	2
S2535	2
S2536	2
S2538	2
S2540	2
S2541	2
S2542	2
S2544	2
S2549	2
S2550	2
S2551	2
S2552	2
S2553	2
S2554	2
S2555	2
S2556	2
S2557	2
S2558	2
S2559	2
S2560	2
S2561	2
S2563	2
S2565	2
S2566	2
S2567	2
S2570	2
S2571	2
S2573	2
S2575	2
S2576	2
S2578	2
S2581	2
S2582	2
S2583	2
S2584	2
S2586	2
S2587	2
S2591	2
S2592	2
S2594	2
S2595	2
S2596	2
S2597	2
S2599	2
S2601	2
S2604	2
S2605	2
S2606	2
S2608	2
S2611	2
S2612	2
S2613	2
S2614	2
S2615	2
S2616	2
S2617	2
S2618	2
S2619	2
S2623	2
S2624	2
S2625	2
S2626	2
S2627	2
S2628	2
S2629	2
S2631	2
S2632	2
S2633	2
S2634	2
S2635	2
S2636	2
S2638	2
S2640	2
S2642	2
S2643	2
S2644	2
S2645	2
S2646	2
S2647	2
S2648	2
S2649	2
S2650	2
S2651	2
S2652	2
S2654	2
S2657	2
S2658	2
S2659	2
S2661	2
S2663	2
S2664	2
S2666	2
S2667	2
S2668	2
S2669	2
S2670	2
S2671	2
S2672	2
S2673	2
S2674	2
S2677	2
S2678	2
S2680	2
S2681	2
S2682	2
S2683	2
S2685	2
S2687	2
S2688	2
S2690	2
S2691	2
S2692	2
S2693	2
S2695	2
S2696	2
S2697	2
S2698	2
S2701	2
S2702	2
S2703	2
S2704	2
S2705	2
S2707	2
S2708	2
S2709	2
S2711	2
S2712	2
S2714	2
S2716	2
S2717	2
S2718	2
S2719	2
S2720	2
S2724	2
S2725	2
S2729	2
S2730	2
S2731	2
S2732	2
S2734	2
S2735	2
S2737	2
S2738	2
S2739	2
S2740	2
S2741	2
S2744	2
S2745	2
S2746	2
S2747	2
S2751	2
S2752	2
S2753	2
S2755	2
S2756	2
S2759	2
S2760	2
S2764	2
S2766	2
S2767	2
S2772	2
S2775	2
S2780	2
S2782	2
S2783	2
S2784	2
S2786	2
S2788	2
S2789	2
S2791	2
S2794	2
S2796	2
S2797	2
S2798	2
S2801	2
S2803	2
S2805	2
S2808	2
S2811	2
S2813	2
S2814	2
S2817	2
S2818	2
S2820	2
S2824	2
S2825	2
S2826	2
S2829	2
S2831	2
S2833	2
S2834	2
S2838	2
S2839	2
S2840	2
S2842	2
S2843	2
S2844	2
S2845	2
S2847	2
S2848	2
S2850	2
S2864	2
S2865	2
S2867	2
S2868	2
S2869	2
S2870	2
S2871	2
S2872	2
S2873	2
S2874	2
S2875	2
S2876	2
S2877	2
S2878	2
S2879	2
S2880	2
S2881	2
S2882	2
S2893	2
S2894	2
S2895	2
S2896	2
S2897	2
S2899	2
S2901	2
S2902	2
S2903	2
S2904	2
S2905	2
S2907	2
S2909	2
S2913	2
S2914	2
S2915	2
S2916	2
S2919	2
S2920	2
S2921	2
S2922	2
S2923	2
S2928	2
S2929	2
S2931	2
S2932	2
S2933	2
S2935	2
S2937	2
S2938	2
S2939	2
S2940	2
S2941	2
S2942	2
S2943	2
S2944	2
S2945	2
S2947	2
S2949	2
S2951	2
S2953	2
S2955	2
S2957	2
S2958	2
S2959	2
S2961	2
S2963	2
S2964	2
S2965	2
S2967	2
S2968	2
S2969	2
S2970	2
S2971	2
S2973	2
S2974	2
S2977	2
S2979	2
S2981	2
S2983	2
S2985	2
S2986	2
S2987	2
S2988	2
S2989	2
S2994	2
S2996	2
S2997	2
S2998	2
S2999	2
S3001	2
S3003	2
S3004	2
S3005	2
S3006	2
S3007	2
S3008	2
S3010	2
S3012	2
S3013	2
S3014	2
S3015	2
S3016	2
S3017	2
S3020	2
S3022	2
S3024	2
S3025	2
S3026	2
S3027	2
S3029	2
S3030	2
S3031	2
S3032	2
S3036	2
S3037	2
S3038	2
S3039	2
S3040	2
S3041	2
S3042	2
S3044	2
S3046	2
S3048	2
S3049	2
S3051	2
S3052	2
S3053	2
S3054	2
S3056	2
S3057	2
S3060	2
S3061	2
S3064	2
S3065	2
S3067	2
S3068	2
S3069	2
S3070	2
S3071	2
S3073	2
S3074	2
S3075	2
S3076	2
S3080	2
S3082	2
S3083	2
S3084	2
S3086	2
S3089	2
S3091	2
S3094	2
S3095	2
S3096	2
S3097	2
S3098	2
S3099	2
S3101	2
S3103	2
S3105	2
S3106	2
S3107	2
S3108	2
S3110	2
S3111	2
S3116	2
S3117	2
S3120	2
S3121	2
S3124	2
S3128	2
S3129	2
S3130	2
S3131	2
S3132	2
S3133	2
S3134	2
S3136	2
S3137	2
S3139	2
S3140	2
S3143	2
S3145	2
S3146	2
S3147	2
S3148	2
S3149	2
S3152	2
S3154	2
S3156	2
S3157	2
S3159	2
S3160	2
S3161	2
S3163	2
S3164	2
S3165	2
S3166	2
S3167	2
S3169	2
S3170	2
S3171	2
S3173	2
S3175	2
S3177	2
S3178	2
S3183	2
S3185	2
S3186	2
S3187	2
S3188	2
S3190	2
S3193	2
S3194	2
S3196	2
S3197	2
S3199	2
S3203	2
S3204	2
S3205	2
S3206	2
S3207	2
S3208	2
S3209	2
S3210	2
S3211	2
S3212	2
S3213	2
S3214	2
S3216	2
S3219	2
S3220	2
S3223	2
S3224	2
S3225	2
S3226	2
S3227	2
S3228	2
S3229	2
S3230	2
S3231	2
S3232	2
S3233	2
S3234	2
S3237	2
S3238	2
S3240	2
S3241	2
S3242	2
S3243	2
S3244	2
S3245	2
S3247	2
S3248	2
S3250	2
S3251	2
S3252	2
S3253	2
S3254	2
S3256	2
S3257	2
S3258	2
S3259	2
S3260	2
S3261	2
S3262	2
S3263	2
S3265	2
S3266	2
S3267	2
S3268	2
S3269	2
S3271	2
S3272	2
S3273	2
S3274	2
S3275	2
S3276	2
S3277	2
S3278	2
S3279	2
S3280	2
S3281	2
S3282	2
S3285	2
S3286	2
S3287	2
S3288	2
S3290	2
S3291	2
S3292	2
S3293	2
S3294	2
S3295	2
S3299	2
S3305	2
S3306	2
S3308	2
S3312	2
S3315	2
S3318	2
S3325	2
S3326	2
S3328	2
S3330	2
S3331	2
S3332	2
S3337	2
S3339	2
S3343	2
S3345	2
S3350	2
S3354	2
S3356	2
S3357	2
S3360	2
S3362	2
S3367	2
S3370	2
S3371	2
S3373	2
S3375	2
S3378	2
S3382	2
S3387	2
S3389	2
S3390	2
S3391	2
S3393	2
S3394	2
S3398	2
S3399	2
S3401	2
S3403	2
S3404	2
S3405	2
S3406	2
S3407	2
S3408	2
S3409	2
S3410	2
S3411	2
S3412	2
S3413	2
S3416	2
S3417	2
S3419	2
S3420	2
S3421	2
S3423	2
S3424	2
S3431	2
S3434	2
S3436	2
S3442	2
S3443	2
S3444	2
S3445	2
S3449	2
S3450	2
S3451	2
S3452	2
S3454	2
S3455	2
S3458	2
S3460	2
S3461	2
S3463	2
S3466	2
S3467	2
S3474	2
S3475	2
S3476	2
S3478	2
S3481	2
S3485	2
S3486	2
S3487	2
S3489	2
S3490	2
S3491	2
S3495	2
S3496	2
S3497	2
S3498	2
S3499	2
S3500	2
S3503	2
S3504	2
S3505	2
S3506	2
S3507	2
S3508	2
S3511	2
S3512	2
S3514	2
S3518	2
S3519	2
S3522	2
S3523	2
S3525	2
S3529	2
S3532	2
S3533	2
S3534	2
S3537	2
S3538	2
S3539	2
S3541	2
S3543	2
S3545	2
S3548	2
S3552	2
S3553	2
S3554	2
S3555	2
S3556	2
S3560	2
S3562	2
S3565	2
S3567	2
S3568	2
S3569	2
S3572	2
S3573	2
S3574	2
S3575	2
S3576	2
S3578	2
S3579	2
S3583	2
S3584	2
S3585	2
S3586	2
S3588	2
S3591	2
S3594	2
S3596	2
S3597	2
S3599	2
S3602	2
S3603	2
S3607	2
S3612	2
S3613	2
S3614	2
S3616	2
S3617	2
S3620	2
S3621	2
S3622	2
S3625	2
S3627	2
S3628	2
S3629	2
S3631	2
S3632	2
S3633	2
S3634	2
S3635	2
S3636	2
S3637	2
S3638	2
S3639	2
S3640	2
S3641	2
S3642	2
S3643	2
S3644	2
S3645	2
S3646	2
S3647	2
S3650	2
S3651	2
S3652	2
S3653	2
S3655	2
S3659	2
S3661	2
S3663	2
S3670	2
S3677	2
S3679	2
S3680	2
S3681	2
S3683	2
S3685	2
S3687	2
S3688	2
S3690	2
S3692	2
S3694	2
S3696	2
S3701	2
S3705	2
S3709	2
S3710	2
S3711	2
S3712	2
S3714	2
S3716	2
S3720	2
S3722	2
S3723	2
S3725	2
S3726	2
S3727	2
S3729	2
S3730	2
S3732	2
S3734	2
S3737	2
S3738	2
S3740	2
S3741	2
S3742	2
S3751	2
S3754	2
S3756	2
S3760	2
S3761	2
S3764	2
S3765	2
S3766	2
S3769	2
S3772	2
S3779	2
S3783	2
S3784	2
S3787	2
S3788	2
S3789	2
S3792	2
S3794	2
S3796	2
S3798	2
S3800	2
S3802	2
S3803	2
S3804	2
S3806	2
S3811	2
S3812	2
S3814	2
S3818	2
S3820	2
S3822	2
S3823	2
S3825	2
S3826	2
S3827	2
S3828	2
S3829	2
S3830	2
S3834	2
S3835	2
S3837	2
S3839	2
S3844	2
S3847	2
S3849	2
S3851	2
S3852	2
S3853	2
S3854	2
S3855	2
S3857	2
S3858	2
S3863	2
S3864	2
S3865	2
S3866	2
S3867	2
S3868	2
S3871	2
S3872	2
S3873	2
S3880	2
S3883	2
S3891	2
S3893	2
S3896	2
S3897	2
S3898	2
S3900	2
S3901	2
S3902	2
S3907	2
S3910	2
S3911	2
S3913	2
S3915	2
S3916	2
S3918	2
S3919	2
S3920	2
S3922	2
S3923	2
S3926	2
S3928	2
S3929	2
S3933	2
S3934	2
S3935	2
S3938	2
S3939	2
S3940	2
S3941	2
S3942	2
S3943	2
S3944	2
S3946	2
S3948	2
S3950	2
S3951	2
S3952	2
S3954	2
S3955	2
S3956	2
S3957	2
S3958	2
S3959	2
S3960	2
S3962	2
S3963	2
S3964	2
S3966	2
S3967	2
S3968	2
S3970	2
S3972	2
S3973	2
S3974	2
S3975	2
S3976	2
S3977	2
S3978	2
S3979	2
S3980	2
S3981	2
S3982	2
S3983	2
S3985	2
S3986	2
S3988	2
S3990	2
S3992	2
S3993	2
S3994	2
S3995	2
S3999	2
S4000	2
S4001	2
S4002	2
S4003	2
S4004	2
S4005	2
S4008	2
S4012	2
S4014	2
S4015	2
S4017	2
S4018	2
S4021	2
S4025	2
S4026	2
S4027	2
S4028	2
S4029	2
S4031	2
S4032	2
S4035	2
S4036	2
S4038	2
S4040	2
S4042	2
S4057	2
S4059	2
S4061	2
S4063	2
S4065	2
S4066	2
S4067	2
S4068	2
S4071	2
S4072	2
S4073	2
S4074	2
S4075	2
S4076	2
S4077	2
S4078	2
S4079	2
S4080	2
S4082	2
S4083	2
S4085	2
S4087	2
S4090	2
S4091	2
S4095	2
S4097	2
S4102	2
S4103	2
S4104	2
S4106	2
S4107	2
S4109	2
S4110	2
S4111	2
S4115	2
S4116	2
S4118	2
S4119	2
S4120	2
S4121	2
S4123	2
S4125	2
S4128	2
S4132	2
S4133	2
S4134	2
S4135	2
S4143	2
S4145	2
S4146	2
S4147	2
S4149	2
S4152	2
S4153	2
S4154	2
S4157	2
S4160	2
S4162	2
S4163	2
S4164	2
S4165	2
S4166	2
S4168	2
S4170	2
S4171	2
S4172	2
S4173	2
S4174	2
S4176	2
S4178	2
S4180	2
S4182	2
S4183	2
S4185	2
S4186	2
S4187	2
S4190	2
S4191	2
S4192	2
S4193	2
S4196	2
S4200	2
S4201	2
S4202	2
S4203	2
S4206	2
S4208	2
S4213	2
S4214	2
S4216	2
S4217	2
S4218	2
S4219	2
S4220	2
S4221	2
S4223	2
S4225	2
S4227	2
S4229	2
S4231	2
S4233	2
S4235	2
S4236	2
S4237	2
S4238	2
S4241	2
S4243	2
S4245	2
S4247	2
S4250	2
S4253	2
S4255	2
S4257	2
S4258	2
S4260	2
S4262	2
S4265	2
S4266	2
S4268	2
S4269	2
S4276	2
S4278	2
S4280	2
S4282	2
S4283	2
S4286	2
S4288	2
S4291	2
S4294	2
S4298	2
S4302	2
S4303	2
S4304	2
S4305	2
S4306	2
S4307	2
S4308	2
S4309	2
S4311	2
S4314	2
S4318	2
S4321	2
S4322	2
S4324	2
S4328	2
S4333	2
S4334	2
S4335	2
S4336	2
S4337	2
S4339	2
S4340	2
S4341	2
S4343	2
S4344	2
S4347	2
S4352	2
S4353	2
S4357	2
S4359	2
S4363	2
S4365	2
S4366	2
S4368	2
S4370	2
S4371	2
S4372	2
S4373	2
S4377	2
S4378	2
S4389	2
S4390	2
S4391	2
S4399	2
S4400	2
S4401	2
S4403	2
SRR10230721	2
SRR11119228	2
SRR11119231	2
SRR11119232	2
SRR11184855	2
SRR11470309	2
SRR11470320	2
SRR11638383	2
SRR11653891	2
SRR11977919	2
SRR12465161	2
SRR14525677	2
SRR14870005	2
SRR15362839	2
SRR1631197	2
SRR17276276	2
SRR1801313	2
SRR1801359	2
SRR18885251	2
SRR2050307	2
SRR22401985	2
SRR23282481	2
SRR23340319	2
SRR24128551	2
SRR24208602	2
SRR24208603	2
SRR24208605	2
SRR27406221	2
SRR27406226	2
SRR27406227	2
SRR27421742	2
SRR28153595	2
SRR28153600	2
SRR28153605	2
SRR28153613	2
SRR28153614	2
SRR28153618	2
SRR28153624	2
SRR28153628	2
SRR28153636	2
SRR28153637	2
SRR28153638	2
SRR28153643	2
SRR28153649	2
SRR28153655	2
SRR28153661	2
SRR28153663	2
SRR28153664	2
SRR28153667	2
SRR28153670	2
SRR28153672	2
SRR28153673	2
SRR28153674	2
SRR28153675	2
SRR28153676	2
SRR28153680	2
SRR28153681	2
SRR28153682	2
SRR28153683	2
SRR28153690	2
SRR28153693	2
SRR28153694	2
SRR28153695	2
SRR28153696	2
SRR28153697	2
SRR28153698	2
SRR28153699	2
SRR28153705	2
SRR28153706	2
SRR28153710	2
SRR28153723	2
SRR28153724	2
SRR28153725	2
SRR28153728	2
SRR28153729	2
SRR28153732	2
SRR28153733	2
SRR28153735	2
SRR28153738	2
SRR28153739	2
SRR28153742	2
SRR28153745	2
SRR28153747	2
SRR28153748	2
SRR28153755	2
SRR28153759	2
SRR28153761	2
SRR28153770	2
SRR28153771	2
SRR28153780	2
SRR28153782	2
SRR28153784	2
SRR28153785	2
SRR28153786	2
SRR28153787	2
SRR28153790	2
SRR28153791	2
SRR28153799	2
SRR28153800	2
SRR28153803	2
SRR28153809	2
SRR28153816	2
SRR28153823	2
SRR28153830	2
SRR28153834	2
SRR28153836	2
SRR28153837	2
SRR28153840	2
SRR28153841	2
SRR28153847	2
SRR28153850	2
SRR28153857	2
SRR28153858	2
SRR28153861	2
SRR28153863	2
SRR28153864	2
SRR28153867	2
SRR28153868	2
SRR28153869	2
SRR28153870	2
SRR28153871	2
SRR28153878	2
SRR28153881	2
SRR28153882	2
SRR28153884	2
SRR28153920	2
SRR28153921	2
SRR28153923	2
SRR28153927	2
SRR28153929	2
SRR28153932	2
SRR28153934	2
SRR28153936	2
SRR28153937	2
SRR28153938	2
SRR28153939	2
SRR28153940	2
SRR28153943	2
SRR28374732	2
SRR31744086	2
SRR3506501	2
SRR396761	2
SRR4128966	2
SRR4417656	2
SRR4417667	2
SRR495203	2
SRR5116719	2
SRR6441723	2
SRR7223703	2
SRR7223704	2
SRR7223710	2
SRR8528336	2
SRR8528338	2
SRR8528339	2
SRR8528340	2
SRR8528341	2
SRR8528342	2
SRR8528343	2
SRR8528345	2
SRR8528347	2
SRR8528348	2
SRR8528350	2
SRR8528354	2
SRR8528356	2
SRR8528357	2
SRR8528358	2
SRR8528359	2
SRR8528361	2
SRR8528362	2
SRR8528364	2
SRR8528365	2
SRR8528367	2
SRR8528368	2
SRR8528370	2
SRR8528372	2
SRR8528373	2
SRR8528374	2
SRR8528376	2
SRR8528379	2
SRR8528380	2
SRR8528381	2
SRR8528382	2
SRR8528384	2
SRR8528385	2
SRR8528386	2
SRR8528388	2
SRR8528389	2
SRR8528391	2
SRR8528394	2
SRR8528397	2
SRR8528398	2
SRR8528399	2
SRR8528400	2
SRR9089893	2
S_670	2
