Sample_ID,HybSeq_ID
S4413,S4413
S4414,S4414
S4415,S4415
S4416,S4416
S4417,S4417
S4418,S4418
S4419,S4419
S4420,S4420
S4421,S4421
S4422,S4422
S4423,S4423
S4424,S4424
S4425,S4425
S4426,S4426
S4427,S4427
S4428,S4428
S4429,S4429
S4430,S4430
S4431,S4431
S4432,S4432
S4433,S4433
S4434,S4434
S4435,S4435
S4436,S4436
S4437,S4437
S4438,S4438
S4439,S4439
S4440,S4440
S4441,S4441
S4442,S4442
S4443,S4443
S4444,S4444
S4445,S4445
S4446,S4446
S4447,S4447
S4448,S4448
S4449,S4449
S4450,S4450
S4451,S4451
S4452,S4452
S4453,S4453
S4454,S4454
S4455,S4455
S4456,S4456
S4457,S4457
S4458,S4458
S4459,S4459
S4460,S4460
S4461,S4461
S4462,S4462
S4463,S4463
S4464,S4464
S4465,S4465
S4466,S4466
S4467,S4467
S4468,S4468
S4469,S4469
S4470,S4470
S4471,S4471
S4472,S4472
S4473,S4473
S4474,S4474
S4475,S4475
S4476,S4476
S4477,S4477
S4478,S4478
S4479,S4479
S4480,S4480
S4481,S4481
S4482,S4482
S4483,S4483
S4484,S4484
S4485,S4485
S4486,S4486
S4487,S4487
S4488,S4488
S4489,S4489
S4490,S4490
S4491,S4491
S4492,S4492
S4493,S4493
S4494,S4494
S4495,S4495
S4496,S4496
S4497,S4497
S4498,S4498
S4499,S4499
S4500,S4500
S4501,S4501
S4502,S4502
S4503,S4503
S4504,S4504
S4505,S4505
S4506,S4506
S4507,S4507
S4508,S4508
S4509,S4509
S4510,S4510
S4511,S4511
S4512,S4512
S4513,S4513
S4514,S4514
S4515,S4515
S4516,S4516
S4517,S4517
S4518,S4518
S4519,S4519
S4520,S4520
S4521,S4521
S4522,S4522
S4523,S4523
S4524,S4524
S4525,S4525
S4526,S4526
S4527,S4527
S4528,S4528
S4529,S4529
S4530,S4530
S4531,S4531
S4532,S4532
S4533,S4533
S4534,S4534
S4535,S4535
S4536,S4536
S4537,S4537
S4538,S4538
S4539,S4539
S4540,S4540
S4541,S4541
S4542,S4542
S4543,S4543
S4544,S4544
S4545,S4545
S4546,S4546
S4547,S4547
S4548,S4548
S4549,S4549
S4550,S4550
S4551,S4551
S4552,S4552
S4553,S4553
S4554,S4554
S4555,S4555
S4556,S4556
S4557,S4557
S4558,S4558
S4559,S4559
S4560,S4560
S4561,S4561
S4562,S4562
S4563,S4563
S4564,S4564
S4565,S4565
S4566,S4566
S4567,S4567
S4568,S4568
S4569,S4569
S4570,S4570
S4571,S4571
S4572,S4572
S4573,S4573
S4574,S4574
S4575,S4575
S4576,S4576
S4577,S4577
S4578,S4578
S4579,S4579
S4580,S4580
S4581,S4581
S4582,S4582
S4583,S4583
S4584,S4584
S4585,S4585
S4586,S4586
S4587,S4587
S4588,S4588
S4589,S4589
S4590,S4590
S4591,S4591
S4592,S4592
S4593,S4593
S4594,S4594
S4595,S4595
S4596,S4596
S4597,S4597
S4598,S4598
S4599,S4599
S4600,S4600
S4601,S4601
S4602,S4602
ANVB227,ANVB227
ANVB228,ANVB228
S2404,S2404-7
S2627,S2627-7
S2632,S2632-7
S2971,S2971-7
S3081,S3081-7
S3159,S3159-7
S3160,S3160-7
S3164,S3164-7
S3176,S3176-7
S3187,S3187-7
S3199,S3199-7
S3235,S3235-6
S3235,S3235-7
S3259,S3259-7
S3271,S3271-7
S2644,S2644-7
S2938,S2938-7
S2986,S2986-7
S3057,S3057-7
S3104,S3104-7
S3116,S3116-7
S3223,S3223-7
S3247,S3247-7
S3211,S3211-7
S3198,S3198-7
S3174,S3174-7
S3152,S3152-7
S3140,S3140-7
S3138,S3138-7
S3128,S3128-7
S3114,S3114-7
S3111,S3111-7
S3102,S3102-7
S3092,S3092-7
S3090,S3090-7
S3078,S3078-7
S3069,S3069-7
S3068,S3068-7
S3045,S3045-7
S3033,S3033-7
S3021,S3021-7
S3009,S3009-7
S2997,S2997-7
S2996,S2996-7
S2975,S2975-7
S2974,S2974-7
S2962,S2962-7
S2950,S2950-7
S2926,S2926-7
S2914,S2914-7
S2912,S2912-7
S2911,S2911-7
S2902,S2902-7
S2900,S2900-7
S2879,S2879-7
S2849,S2849-7
S2837,S2837-7
S2757,S2757-7
S2754,S2754-7
S2727,S2727-8
S2727,S2727-7
S2679,S2679-7
S2614,S2614-7
S2609,S2609-7
S2494,S2494-7
S2490,S2490-7
S2464,S2464-7
S2461,S2461-7
S2450,S2450-7
S2443,S2443-7
S2428,S2428-7
S2398,S2398-7
S2388,S2388-7
S2384,S2384-7
S2377,S2377-7
S2364,S2364-7
S2361,S2361-7
S2352,S2352-7
S2343,S2343-7
S2333,S2333-7
S2331,S2331-7
S2322,S2322-7
S2320,S2320-7
S2315,S2315-7
S2307,S2307-7
S2303,S2303-7
S2296,S2296-7
S2284,S2284-7
S2278,S2278-7
S2272,S2272-7
S2266,S2266-7
S2263,S2263-7
S2260,S2260-7
S2256,S2256-7
S2255,S2255-7
S2248,S2248-7
S2236,S2236-7
S2223,S2223-7
S2079,S2079-7
S2070,S2070-7
S2067,S2067-7
S2061,S2061-7
S2047,S2047-7
S2045,S2045-7
S2032,S2032-7
S2029,S2029-7
S2000,S2000-7
S1991,S1991-7
S1965,S1965-7
S1964,S1964-7
S1881,S1881-6
S1874,S1874-7
S1874,S1874-6
S1836,S1836-7
S1821,S1821-7
S1805,S1805-7
S1800,S1800-7
S1796,S1796-7
S1760,S1760-7
S1623,S1623-7
S1606,S1606-7
S1605,S1605-7
S1602,S1602-7
S1600,S1600-7
S1600,S1600-6
S1588,S1588-7
S1573,S1573-7
S1564,S1564-7
S1560,S1560-7
S1552,S1552-7
S1544,S1544-7
S1530,S1530-7
S1514,S1514-7
S1510,S1510-7
S1488,S1488-7
S1478,S1478-7
S1456,S1456-7
S1440,S1440-7
S1436,S1436-7
S1418,S1418-7
S1404,S1404-7
S1391,S1391-7
S1385,S1385-7
S1355,S1355-7
S1090,S1090-6
S0961,S0961-7
S0826,S0826-7
S0759,S0759-7
S0636,S0636-7
S0519,S0519-7
S0519,S0519-6
S0490,S0490-7
S0449,S0449-7
S0447,S0447-7
S0441,S0441-7
S0353,S0353-7
RB724,RB724-7
RB667,RB667-7
S3273,S3273
S3274,S3274
S3275,S3275
S3276,S3276
S3277,S3277
S3278,S3278
S3279,S3279
S3280,S3280
S3281,S3281
S3282,S3282
S3283,S3283
S3284,S3284
S3285,S3285
S3286,S3286
S3287,S3287
S3288,S3288
S3289,S3289
S3290,S3290
S3291,S3291
S3292,S3292
S3293,S3293
S3294,S3294
S3295,S3295
S3296,S3296
S3297,S3297
S3298,S3298
S3299,S3299
S3300,S3300
S3301,S3301
S3302,S3302
S3303,S3303
S3304,S3304
S3305,S3305
S3306,S3306
S3307,S3307
S3308,S3308
S3309,S3309
S3310,S3310
S3311,S3311
S3312,S3312
S3313,S3313
S3314,S3314
S3315,S3315
S3316,S3316
S3317,S3317
S3318,S3318
S3319,S3319
S3320,S3320
S3321,S3321
S3322,S3322
S3323,S3323
S3324,S3324
S3325,S3325
S3326,S3326
S3327,S3327
S3328,S3328
S3329,S3329
S3330,S3330
S3331,S3331
S3332,S3332
S3333,S3333
S3334,S3334
S3335,S3335
S3336,S3336
S3337,S3337
S3338,S3338
S3339,S3339
S3340,S3340
S3341,S3341
S3342,S3342
S3343,S3343
S3344,S3344
S3345,S3345
S3346,S3346
S3347,S3347
S3348,S3348
S3349,S3349
S3350,S3350
S3351,S3351
S3352,S3352
S3353,S3353
S3354,S3354
S3355,S3355
S3356,S3356
S3357,S3357
S3358,S3358
S3359,S3359
S3360,S3360
S3361,S3361
S3362,S3362
S3363,S3363
S3364,S3364
S3365,S3365
S3366,S3366
S3367,S3367
S3368,S3368
S3369,S3369
S3370,S3370
S3371,S3371
S3372,S3372
S3373,S3373
S3374,S3374
S3375,S3375
S3376,S3376
S3377,S3377
S3378,S3378
S3379,S3379
S3380,S3380
S3381,S3381
S3382,S3382
S3383,S3383
S3384,S3384
S3385,S3385
S3386,S3386
S3387,S3387
S3388,S3388
S3389,S3389
S3390,S3390
S3391,S3391
S3392,S3392
S3393,S3393
S3394,S3394
S3395,S3395
S3396,S3396
S3397,S3397
S3398,S3398
S3399,S3399
S3400,S3400
S3401,S3401
S3402,S3402
S3403,S3403
S3404,S3404
S3405,S3405
S3406,S3406
S3407,S3407
S3408,S3408
S3409,S3409
S3410,S3410
S3411,S3411
S3412,S3412
S3413,S3413
S3414,S3414
S3415,S3415
S3416,S3416
S3417,S3417
S3418,S3418
S3419,S3419
S3420,S3420
S3421,S3421
S3422,S3422
S3423,S3423
S3424,S3424
S3425,S3425
S3426,S3426
S3427,S3427
S3428,S3428
S3429,S3429
S3430,S3430
S3431,S3431
S3432,S3432
S3433,S3433
S3434,S3434
S3435,S3435
S3436,S3436
S3437,S3437
S3438,S3438
S3439,S3439
S3440,S3440
S3441,S3441
S3442,S3442
S3443,S3443
S3444,S3444
S3445,S3445
S3446,S3446
S3447,S3447
S3448,S3448
S3449,S3449
S3450,S3450
S3451,S3451
S3452,S3452
S3453,S3453
S3454,S3454
S3455,S3455
S3456,S3456
S3457,S3457
S3458,S3458
S3459,S3459
S3460,S3460
S3461,S3461
S3462,S3462
S3463,S3463
S3464,S3464
S3465,S3465
S3466,S3466
S3467,S3467
S3468,S3468
S3469,S3469
S3470,S3470
S3471,S3471
S3472,S3472
S3473,S3473
S3474,S3474
S3475,S3475
S3476,S3476
S3477,S3477
S3478,S3478
S3479,S3479
S3480,S3480
S3481,S3481
S3482,S3482
S3483,S3483
S3484,S3484
S3485,S3485
S3486,S3486
S3487,S3487
S3488,S3488
S3489,S3489
S3490,S3490
S3491,S3491
S3492,S3492
S3493,S3493
S3494,S3494
S3495,S3495
S3496,S3496
S3497,S3497
S3498,S3498
S3499,S3499
S3500,S3500
S3501,S3501
S3502,S3502
S3503,S3503
S3504,S3504
S3505,S3505
S3506,S3506
S3507,S3507
S3508,S3508
S3509,S3509
S3510,S3510
S3511,S3511
S3512,S3512
S3513,S3513
S3514,S3514
S3515,S3515
S3516,S3516
S3517,S3517
S3518,S3518
S3519,S3519
S3520,S3520
S3521,S3521
S3522,S3522
S3523,S3523
S3524,S3524
S3525,S3525
S3526,S3526
S3527,S3527
S3528,S3528
S3529,S3529
S3530,S3530
S3531,S3531
S3532,S3532
S3533,S3533
S3534,S3534
S3535,S3535
S3536,S3536
S3537,S3537
S3538,S3538
S3539,S3539
S3540,S3540
S3541,S3541
S3542,S3542
S3543,S3543
S3544,S3544
S3545,S3545
S3546,S3546
S3547,S3547
S3548,S3548
S3549,S3549
S3550,S3550
S3551,S3551
S3552,S3552
S3553,S3553
S3554,S3554
S3555,S3555
S3556,S3556
S3557,S3557
S3558,S3558
S3559,S3559
S3560,S3560
S3561,S3561
S3562,S3562
S3563,S3563
S3564,S3564
S3565,S3565
S3566,S3566
S3567,S3567
S3568,S3568
S3569,S3569
S3570,S3570
S3571,S3571
S3572,S3572
S3573,S3573
S3574,S3574
S3575,S3575
S3576,S3576
S3577,S3577
S3578,S3578
S3579,S3579
S3580,S3580
S3581,S3581
S3582,S3582
S3583,S3583
S3584,S3584
S3585,S3585
S3586,S3586
S3587,S3587
S3588,S3588
S3589,S3589
S3590,S3590
S3591,S3591
S3592,S3592
S3593,S3593
S3594,S3594
S3595,S3595
S3596,S3596
S3597,S3597
S3598,S3598
S3599,S3599
S3600,S3600
S3601,S3601
S3602,S3602
S3603,S3603
S3604,S3604
S3605,S3605
S3606,S3606
S3607,S3607
S3608,S3608
S3609,S3609
S3610,S3610
S3611,S3611
S3612,S3612
S3613,S3613
S3614,S3614
S3615,S3615
S3616,S3616
S3617,S3617
S3618,S3618
S3619,S3619
S3620,S3620
S3621,S3621
S3622,S3622
S3623,S3623
S3624,S3624
S3625,S3625
S3626,S3626
S3627,S3627
S3628,S3628
S3629,S3629
S3630,S3630
S3631,S3631
S3632,S3632
S3633,S3633
S3634,S3634
S3635,S3635
S3636,S3636
S3637,S3637
S3638,S3638
S3639,S3639
S3640,S3640
S3641,S3641
S3642,S3642
S3643,S3643
S3644,S3644
S3645,S3645
S3646,S3646
S3647,S3647
S3648,S3648
S3649,S3649
S3650,S3650
S3651,S3651
S3652,S3652
S3653,S3653
S3654,S3654
S3655,S3655
S3656,S3656
S3657,S3657
S3658,S3658
S3659,S3659
S3660,S3660
S3661,S3661
S3662,S3662
S3663,S3663
S3664,S3664
S3665,S3665
S3666,S3666
S3667,S3667
S3668,S3668
S3669,S3669
S3670,S3670
S3671,S3671
S3672,S3672
S3673,S3673
S3674,S3674
S3675,S3675
S3676,S3676
S3677,S3677
S3678,S3678
S3679,S3679
S3680,S3680
S3681,S3681
S3682,S3682
S3683,S3683
S3684,S3684
S3685,S3685
S3686,S3686
S3687,S3687
S3688,S3688
S3689,S3689
S3690,S3690
S3691,S3691
S3692,S3692
S3693,S3693
S3694,S3694
S3695,S3695
S3696,S3696
S3697,S3697
S3698,S3698
S3699,S3699
S3700,S3700
S3701,S3701
S3702,S3702
S3703,S3703
S3704,S3704
S3705,S3705
S3706,S3706
S3707,S3707
S3708,S3708
S3709,S3709
S3710,S3710
S3711,S3711
S3712,S3712
S3713,S3713
S3714,S3714
S3715,S3715
S3716,S3716
S3717,S3717
S3718,S3718
S3719,S3719
S3720,S3720
S3721,S3721
S3722,S3722
S3723,S3723
S3724,S3724
S3725,S3725
S3726,S3726
S3727,S3727
S3728,S3728
S3729,S3729
S3730,S3730
S3731,S3731
S3732,S3732
S3733,S3733
S3734,S3734
S3735,S3735
S3736,S3736
S3737,S3737
S3738,S3738
S3739,S3739
S3740,S3740
S3741,S3741
S3742,S3742
S3743,S3743
S3744,S3744
S3745,S3745
S3746,S3746
S3747,S3747
S3748,S3748
S3749,S3749
S3750,S3750
S3751,S3751
S3752,S3752
S3753,S3753
S3754,S3754
S3755,S3755
S3756,S3756
S3757,S3757
S3758,S3758
S3759,S3759
S3760,S3760
S3761,S3761
S3762,S3762
S3763,S3763
S3764,S3764
S3765,S3765
S3766,S3766
S3767,S3767
S3768,S3768
S3769,S3769
S3770,S3770
S3771,S3771
S3772,S3772
S3773,S3773
S3774,S3774
S3775,S3775
S3776,S3776
S3777,S3777
S3778,S3778
S3779,S3779
S3780,S3780
S3781,S3781
S3782,S3782
S3783,S3783
S3784,S3784
S3785,S3785
S3786,S3786
S3787,S3787
S3788,S3788
S3789,S3789
S3790,S3790
S3791,S3791
S3792,S3792
S3793,S3793
S3794,S3794
S3795,S3795
S3796,S3796
S3797,S3797
S3798,S3798
S3799,S3799
S3800,S3800
S3801,S3801
S3802,S3802
S3803,S3803
S3804,S3804
S3805,S3805
S3806,S3806
S3807,S3807
S3808,S3808
S3809,S3809
S3810,S3810
S3811,S3811
S3812,S3812
S3813,S3813
S3814,S3814
S3815,S3815
S3816,S3816
S3817,S3817
S3818,S3818
S3819,S3819
S3820,S3820
S3821,S3821
S3822,S3822
S3823,S3823
S3824,S3824
S3825,S3825
S3826,S3826
S3827,S3827
S3828,S3828
S3829,S3829
S3830,S3830
S3831,S3831
S3832,S3832
S3833,S3833
S3834,S3834
S3835,S3835
S3836,S3836
S3837,S3837
S3838,S3838
S3839,S3839
S3840,S3840
S3841,S3841
S3842,S3842
S3843,S3843
S3844,S3844
S3845,S3845
S3846,S3846
S3847,S3847
S3848,S3848
S3849,S3849
S3850,S3850
S3851,S3851
S3852,S3852
S3853,S3853
S3854,S3854
S3855,S3855
S3856,S3856
S3857,S3857
S3858,S3858
S3859,S3859
S3860,S3860
S3861,S3861
S3862,S3862
S3863,S3863
S3864,S3864
S3865,S3865
S3866,S3866
S3867,S3867
S3868,S3868
S3869,S3869
S3870,S3870
S3871,S3871
S3872,S3872
S3873,S3873
S3874,S3874
S3875,S3875
S3876,S3876
S3877,S3877
S3878,S3878
S3879,S3879
S3880,S3880
S3881,S3881
S3882,S3882
S3883,S3883
S3884,S3884
S3885,S3885
S3886,S3886
S3887,S3887
S3888,S3888
S3889,S3889
S3890,S3890
S3891,S3891
S3892,S3892
S3893,S3893
S3894,S3894
S3895,S3895
S3896,S3896
S3897,S3897
S3898,S3898
S3899,S3899
S3900,S3900
S3901,S3901
S3902,S3902
S3903,S3903
S3904,S3904
S3905,S3905
S3906,S3906
S3907,S3907
S3908,S3908
S3909,S3909
S3910,S3910
S3911,S3911
S3912,S3912
S3913,S3913
S3914,S3914
S3915,S3915
S3916,S3916
S3917,S3917
S3918,S3918
S3919,S3919
S3920,S3920
S3921,S3921
S3922,S3922
S3923,S3923
S3925,S3925
S3926,S3926
S3927,S3927
S3928,S3928
S3929,S3929
S3930,S3930
S3931,S3931
S3933,S3933
S3934,S3934
S3935,S3935
S3936,S3936
S3937,S3937
S3938,S3938
S3939,S3939
S3940,S3940
S3941,S3941
S3942,S3942
S3943,S3943
S3944,S3944
S3945,S3945
S3946,S3946
S3947,S3947
S3948,S3948
S3949,S3949
S3950,S3950
S3951,S3951
S3952,S3952
S3953,S3953
S3954,S3954
S3955,S3955
S3956,S3956
S3957,S3957
S3958,S3958
S3959,S3959
S3960,S3960
S3961,S3961
S3962,S3962
S3963,S3963
S3964,S3964
S3965,S3965
S3966,S3966
S3967,S3967
S3968,S3968
S3969,S3969
S3970,S3970
S3971,S3971
S3972,S3972
S3973,S3973
S3974,S3974
S3975,S3975
S3976,S3976
S3977,S3977
S3978,S3978
S3979,S3979
S3980,S3980
S3981,S3981
S3982,S3982
S3983,S3983
S3984,S3984
S3985,S3985
S3986,S3986
S3987,S3987
S3988,S3988
S3989,S3989
S3990,S3990
S3991,S3991
S3992,S3992
S3993,S3993
S3994,S3994
S3995,S3995
S3996,S3996
S3997,S3997
S3998,S3998
S3999,S3999
S4000,S4000
S4001,S4001
S4002,S4002
S4003,S4003
S4004,S4004
S4005,S4005
S4006,S4006
S4007,S4007
S4008,S4008
S4009,S4009
S4010,S4010
S4011,S4011
S4012,S4012
S4013,S4013
S4014,S4014
S4015,S4015
S4016,S4016
S4017,S4017
S4018,S4018
S4019,S4019
S4020,S4020
S4021,S4021
S4022,S4022
S4023,S4023
S4024,S4024
S4025,S4025
S4026,S4026
S4027,S4027
S4028,S4028
S4029,S4029
S4030,S4030
S4031,S4031
S4032,S4032
S4033,S4033
S4034,S4034
S4035,S4035
S4036,S4036
S4037,S4037
S4038,S4038
S4039,S4039
S4040,S4040
S4041,S4041
S4042,S4042
S4043,S4043
S4044,S4044
S4045,S4045
S4046,S4046
S4047,S4047
S4048,S4048
S4049,S4049
S4050,S4050
S4051,S4051
S4052,S4052
S4053,S4053
S4054,S4054
S4055,S4055
S4057,S4057
S4058,S4058
S4059,S4059
S4060,S4060
S4061,S4061
S4062,S4062
S4063,S4063
S4064,S4064
S4065,S4065
S4066,S4066
S4067,S4067
S4068,S4068
S4069,S4069
S4070,S4070
S4071,S4071
S4072,S4072
S4073,S4073
S4074,S4074
S4075,S4075
S4076,S4076
S4077,S4077
S4078,S4078
S4079,S4079
S4080,S4080
S4081,S4081
S4082,S4082
S4083,S4083
S4084,S4084
S4085,S4085
S4086,S4086
S4087,S4087
S4088,S4088
S4089,S4089
S4090,S4090
S4091,S4091
S4092,S4092
S4093,S4093
S4094,S4094
S4095,S4095
S4096,S4096
S4097,S4097
S4098,S4098
S4099,S4099
S4100,S4100
S4101,S4101
S4102,S4102
S4103,S4103
S4104,S4104
S4105,S4105
S4106,S4106
S4107,S4107
S4108,S4108
S4109,S4109
S4110,S4110
S4111,S4111
S4112,S4112
S4113,S4113
S4114,S4114
S4115,S4115
S4116,S4116
S4117,S4117
S4118,S4118
S4119,S4119
S4120,S4120
S4121,S4121
S4122,S4122
S4123,S4123
S4124,S4124
S4125,S4125
S4126,S4126
S4127,S4127
S4128,S4128
S4129,S4129
S4130,S4130
S4131,S4131
S4132,S4132
S4133,S4133
S4134,S4134
S4135,S4135
S4136,S4136
S4138,S4138
S4139,S4139
S4140,S4140
S4141,S4141
S4142,S4142
S4143,S4143
S4144,S4144
S4145,S4145
S4146,S4146
S4147,S4147
S4148,S4148
S4149,S4149
S4151,S4151
S4152,S4152
S4153,S4153
S4154,S4154
S4155,S4155
S4156,S4156
S4157,S4157
S4158,S4158
S4159,S4159
S4160,S4160
S4161,S4161
S4162,S4162
S4163,S4163
S4164,S4164
S4165,S4165
S4166,S4166
S4167,S4167
S4168,S4168
S4169,S4169
S4170,S4170
S4171,S4171
S4172,S4172
S4173,S4173
S4174,S4174
S4175,S4175
S4176,S4176
S4177,S4177
S4178,S4178
S4179,S4179
S4180,S4180
S4181,S4181
S4182,S4182
S4183,S4183
S4184,S4184
S4185,S4185
S4186,S4186
S4187,S4187
S4188,S4188
S4189,S4189
S4190,S4190
S4191,S4191
S4192,S4192
S4193,S4193
S4194,S4194
S4195,S4195
S4196,S4196
S4197,S4197
S4198,S4198
S4199,S4199
S4200,S4200
S4201,S4201
S4202,S4202
S4203,S4203
S4204,S4204
S4205,S4205
S4206,S4206
S4207,S4207
S4208,S4208
S4209,S4209
S4210,S4210
S4211,S4211
S4212,S4212
S4213,S4213
S4214,S4214
S4215,S4215
S4216,S4216
S4217,S4217
S4218,S4218
S4219,S4219
S4220,S4220
S4221,S4221
S4222,S4222
S4223,S4223
S4224,S4224
S4225,S4225
S4226,S4226
S4227,S4227
S4228,S4228
S4229,S4229
S4230,S4230
S4231,S4231
S4232,S4232
S4233,S4233
S4234,S4234
S4235,S4235
S4236,S4236
S4237,S4237
S4238,S4238
S4239,S4239
S4240,S4240
S4241,S4241
S4242,S4242
S4243,S4243
S4244,S4244
S4245,S4245
S4246,S4246
S4247,S4247
S4248,S4248
S4249,S4249
S4250,S4250
S4251,S4251
S4252,S4252
S4253,S4253
S4254,S4254
S4255,S4255
S4256,S4256
S4257,S4257
S4258,S4258
S4259,S4259
S4260,S4260
S4261,S4261
S4262,S4262
S4263,S4263
S4264,S4264
S4265,S4265
S4266,S4266
S4267,S4267
S4268,S4268
S4269,S4269
S4270,S4270
S4271,S4271
S4272,S4272
S4273,S4273
S4274,S4274
S4275,S4275
S4276,S4276
S4277,S4277
S4278,S4278
S4279,S4279
S4280,S4280
S4281,S4281
S4282,S4282
S4283,S4283
S4284,S4284
S4285,S4285
S4286,S4286
S4287,S4287
S4288,S4288
S4289,S4289
S4290,S4290
S4291,S4291
S4292,S4292
S4293,S4293
S4294,S4294
S4295,S4295
S4296,S4296
S4297,S4297
S4298,S4298
S4299,S4299
S4300,S4300
S4301,S4301
S4302,S4302
S4303,S4303
S4304,S4304
S4305,S4305
S4306,S4306
S4307,S4307
S4308,S4308
S4309,S4309
S4310,S4310
S4311,S4311
S4312,S4312
S4313,S4313
S4314,S4314
S4315,S4315
S4316,S4316
S4317,S4317
S4318,S4318
S4319,S4319
S4320,S4320
S4321,S4321
S4322,S4322
S4323,S4323
S4324,S4324
S4325,S4325
S4326,S4326
S4327,S4327
S4328,S4328
S4329,S4329
S4330,S4330
S4331,S4331
S4332,S4332
S4333,S4333
S4334,S4334
S4335,S4335
S4336,S4336
S4337,S4337
S4338,S4338
S4339,S4339
S4340,S4340
S4341,S4341
S4342,S4342
S4343,S4343
S4344,S4344
S4345,S4345
S4346,S4346
S4347,S4347
S4348,S4348
S4349,S4349
S4350,S4350
S4351,S4351
S4352,S4352
S4353,S4353
S4354,S4354
S4355,S4355
S4356,S4356
S4357,S4357
S4358,S4358
S4359,S4359
S4360,S4360
S4361,S4361
S4362,S4362
S4363,S4363
S4364,S4364
S4365,S4365
S4366,S4366
S4367,S4367
S4368,S4368
S4369,S4369
S4370,S4370
S4371,S4371
S4372,S4372
S4373,S4373
S4374,S4374
S4375,S4375
S4376,S4376
S4377,S4377
S4378,S4378
S4379,S4379
S4380,S4380
S4381,S4381
S4382,S4382
S4383,S4383
S4384,S4384
S4385,S4385
S4386,S4386
S4387,S4387
S4388,S4388
S4389,S4389
S4390,S4390
S4391,S4391
S4392,S4392
S4393,S4393
S4394,S4394
S4395,S4395
S4396,S4396
S4397,S4397
S4398,S4398
S4399,S4399
S4400,S4400
S4401,S4401
S4402,S4402
S4403,S4403
S4404,S4404
S4405,S4405
S4406,S4406
S4407,S4407
S4408,S4408
S4409,S4409
S4410,S4410
S4411,S4411
S4412,S4412
6896_A,6896_A
6896_AA,6896_AA
6896_AB,6896_AB
6896_AC,6896_AC
6896_AD,6896_AD
6896_AE,6896_AE
6896_AF,6896_AF
6896_AG,6896_AG
6896_AH,6896_AH
6896_AI,6896_AI
6896_AJ,6896_AJ
6896_AK,6896_AK
6896_AL,6896_AL
6896_AM,6896_AM
6896_AN,6896_AN
6896_AO,6896_AO
6896_AP,6896_AP
6896_AQ,6896_AQ
6896_AR,6896_AR
6896_AS,6896_AS
6896_AT,6896_AT
6896_AU,6896_AU
6896_AV,6896_AV
6896_AW,6896_AW
6896_AX,6896_AX
6896_AY,6896_AY
6896_AZ,6896_AZ
6896_B,6896_B
6896_BA,6896_BA
6896_BB,6896_BB
6896_BC,6896_BC
6896_BD,6896_BD
6896_BE,6896_BE
6896_C,6896_C
6896_D,6896_D
6896_E,6896_E
6896_F,6896_F
6896_G,6896_G
6896_H,6896_H
6896_I,6896_I
6896_J,6896_J
6896_K,6896_K
6896_L,6896_L
6896_M,6896_M
6896_N,6896_N
6896_O,6896_O
6896_P,6896_P
6896_Q,6896_Q
6896_R,6896_R
6896_S,6896_S
6896_T,6896_T
6896_U,6896_U
6896_V,6896_V
6896_W,6896_W
6896_X,6896_X
6896_Y,6896_Y
6896_Z,6896_Z
24P84,24P84
24P85,24P85
24P86,24P86
24P87,24P87
24P88,24P88
24P89,24P89
24P90,24P90
24P91,24P91
24P92,24P92
24P93,24P93
24P94,24P94
24P95,24P95
LaiQ176P4,LaiQ176P4
LaiQ192P2,LaiQ192P2
LaiQ184P1,LaiQ184P1
23Q01,23Q01
23Q02,23Q02
23Q03,23Q03
23Q04,23Q04
23Q05,23Q05
23Q06,23Q06
23Q07,23Q07
23Q08,23Q08
23Q09,23Q09
23Q10,23Q10
23Q11,23Q11
23Q12,23Q12
23Q13,23Q13
23Q14,23Q14
23Q15,23Q15
23Q16,23Q16
23Q17,23Q17
23Q18,23Q18
23Q19,23Q19
23Q20,23Q20
23Q21,23Q21
23Q22,23Q22
23Q23,23Q23
23Q24,23Q24
23Q25,23Q25
23Q26,23Q26
23Q27,23Q27
23Q28,23Q28
23Q29,23Q29
23Q30,23Q30
23Q31,23Q31
23Q32,23Q32
23Q33,23Q33
23Q34,23Q34
23Q35,23Q35
23Q36,23Q36
23Q37,23Q37
23Q38,23Q38
23Q39,23Q39
23Q40,23Q40
23Q41,23Q41
23Q42,23Q42
23Q43,23Q43
23Q44,23Q44
23Q45,23Q45
23Q46,23Q46
23Q47,23Q47
23Q48,23Q48
23Q49,23Q49
23Q50,23Q50
23Q51,23Q51
23Q52,23Q52
23Q53,23Q53
23Q54,23Q54
23Q55,23Q55
23Q56,23Q56
23Q57,23Q57
23Q58,23Q58
23Q59,23Q59
23Q60,23Q60
23Q61,23Q61
23Q62,23Q62
23Q63,23Q63
23Q64,23Q64
23Q65,23Q65
23Q66,23Q66
23Q67,23Q67
23Q69,23Q69
23Q70,23Q70
23Q71,23Q71
23Q72,23Q72
23Q73,23Q73
23Q74,23Q74
23Q75,23Q75
23Q76,23Q76
23Q77,23Q77
23Q78,23Q78
23Q79,23Q79
23Q80,23Q80
23Q82,23Q82
23Q83,23Q83
23Q84,23Q84
23Q85,23Q85
23Q86,23Q86
23Q87,23Q87
23Q88,23Q88
23Q89,23Q89
23Q90,23Q90
23Q92,23Q92
23Q93,23Q93
23Q94,23Q94
23Q95,23Q95
23Q96,23Q96
23R01,23R01
23R02,23R02
23R03,23R03
23R04,23R04
23R05,23R05
23R06,23R06
23R07,23R07
23R08,23R08
23R09,23R09
23R10,23R10
23R11,23R11
23R12,23R12
23R13,23R13
23R14,23R14
23R15,23R15
23R16,23R16
23R17,23R17
23R18,23R18
23R19,23R19
23R20,23R20
23R21,23R21
23R22,23R22
23R23,23R23
23R24,23R24
23R25,23R25
23R26,23R26
23R27,23R27
23R28,23R28
23R29,23R29
23R30,23R30
23R31,23R31
23R32,23R32
23R33,23R33
23R34,23R34
23R35,23R35
23R36,23R36
23R37,23R37
23R38,23R38
23R39,23R39
23R40,23R40
23R41,23R41
23R42,23R42
23R43,23R43
23R44,23R44
23R45,23R45
23R46,23R46
23R47,23R47
23R48,23R48
23R49,23R49
23R50,23R50
23R51,23R51
23R52,23R52
23R53,23R53
23R54,23R54
23R55,23R55
23R56,23R56
23R57,23R57
23R58,23R58
23R59,23R59
23R60,23R60
23R61,23R61
23R62,23R62
23R63,23R63
23R64,23R64
23R65,23R65
CR1002,CR1002
CR1003,CR1003
CR1033,CR1033
CR1124,CR1124
CR1296,CR1296
CR1298,CR1298
CR1323,CR1323
FW1030,FW1030
FW1036,FW1036
FW1139,FW1139
FW1150,FW1150
FW1192,FW1192
FW1254,FW1254
FW1266,FW1266
FW1354,FW1354
FW140,FW140
FW1416,FW1416
FW146,FW146
FW1702,FW1702
FW1765,FW1765
FW284,FW284
FW424,FW424
FW443,FW443
FW461,FW461
FW562,FW562
FW616,FW616
FW73,FW73
FW732,FW732
FW757,FW757
FW764,FW764
FW943,FW943
HayS1619,HayS1619
MURBECK_025,MURBECK_025
MURBECK_055,MURBECK_055L1
MURBECK_055,MURBECK_055L4
MURBECK_001,MURBECK_001
MURBECK_002,MURBECK_002
MURBECK_003,MURBECK_003
MURBECK_004,MURBECK_004
MURBECK_005,MURBECK_005
MURBECK_006,MURBECK_006
MURBECK_007,MURBECK_007
MURBECK_008,MURBECK_008
MURBECK_009,MURBECK_009
MURBECK_010,MURBECK_010
MURBECK_011,MURBECK_011
MURBECK_012,MURBECK_012
MURBECK_013,MURBECK_013
MURBECK_014,MURBECK_014
MURBECK_015,MURBECK_015
MURBECK_016,MURBECK_016
MURBECK_017,MURBECK_017
MURBECK_018,MURBECK_018
MURBECK_019,MURBECK_019
MURBECK_020,MURBECK_020
MURBECK_021,MURBECK_021
MURBECK_022,MURBECK_022
MURBECK_024,MURBECK_024
MURBECK_026,MURBECK_026
MURBECK_027,MURBECK_027
MURBECK_028,MURBECK_028
MURBECK_029,MURBECK_029
MURBECK_030,MURBECK_030
MURBECK_032,MURBECK_032
MURBECK_043,MURBECK_043
MURBECK_045,MURBECK_045
MURBECK_046,MURBECK_046
MURBECK_047,MURBECK_047
MURBECK_048,MURBECK_048
MURBECK_049,MURBECK_049
MURBECK_050,MURBECK_050
MURBECK_051,MURBECK_051
MURBECK_052,MURBECK_052
MURBECK_053,MURBECK_053
MURBECK_054,MURBECK_054L1
MURBECK_054,MURBECK_054L4
OREOPHYT_001,OREOPHYT_001
S1547,S1547
HEID400803,HEID400803_H2J77DSX3
HEID400803,HEID400803_H2J7JDSX3
HEID400812,HEID400812_H2J77DSX3
HEID400812,HEID400812_HG7THDSX3
HEID400861,HEID400861_H2J7CDSX3
HEID400861,HEID400861_H2J7JDSX3
HEID401915,HEID401915_H2YKNDSX5
HEID401915,HEID401915_HCK2KDSX5
HEID402662,HEID402662_H2J77DSX3
HEID402662,HEID402662_H2J7JDSX3
HEID402743,HEID402743_H2J77DSX3
HEID402743,HEID402743_H2J7JDSX3
HEID404442,HEID404442_H5GL7DSX5
HEID404442,HEID404442_HCHMYDSX5
HEID405846,HEID405846_H2J77DSX3
HEID405846,HEID405846_HG7THDSX3
HEID408979,HEID408979_H32JJDSX5
HEID408979,HEID408979_HCK2KDSX5
HEID410066,HEID410066_H2J77DSX3
HEID410066,HEID410066_HG7THDSX3
HEID410287,HEID410287_H2J7CDSX3
HEID410287,HEID410287_H2J7JDSX3
HEID410424,HEID410424_H2J7CDSX3
HEID410424,HEID410424_H2J7JDSX3
HEID410424,HEID410424_H5CK7DSX5
HEID410424,HEID410424_HCHMYDSX5
HEID410425,HEID410425_H2J77DSX3
HEID410425,HEID410425_H2J7JDSX3
HEID500003,HEID500003_H5CK7DSX5
HEID500025,HEID500025_H5GL7DSX5
HEID500025,HEID500025_HCHMYDSX5
HEID500027,HEID500027_H5CK7DSX5
HEID500028,HEID500028_H5CK7DSX5
HEID500028,HEID500028_HCHMYDSX5
HEID500029,HEID500029_H5GJJDSX5
HEID500035,HEID500035_H5GJJDSX5
HEID500361,HEID500361_H2J77DSX3
HEID500361,HEID500361_HG7THDSX3
HEID500619,HEID500619_H5GJJDSX5
HEID500619,HEID500619_HCHMYDSX5
HEID500957,HEID500957_H5GL7DSX5
HEID500957,HEID500957_HCHMYDSX5
HEID501009,HEID501009_H2J77DSX3
HEID501009,HEID501009_H2J7JDSX3
HEID501367,HEID501367_H2J77DSX3
HEID501367,HEID501367_HG7THDSX3
HEID501394,HEID501394_H2J77DSX3
HEID501394,HEID501394_H2J7JDSX3
HEID501419,HEID501419_H2J77DSX3
HEID501419,HEID501419_H2J7JDSX3
HEID501437,HEID501437_H2J7CDSX3
HEID501437,HEID501437_H2J7JDSX3
HEID501441,HEID501441_H2J77DSX3
HEID501441,HEID501441_H2J7JDSX3
HEID501448,HEID501448_H2J77DSX3
HEID501448,HEID501448_H2J7JDSX3
HEID501601,HEID501601_H2J77DSX3
HEID501601,HEID501601_H2J7JDSX3
HEID501605,HEID501605_H2J77DSX3
HEID501605,HEID501605_HG7THDSX3
HEID502724,HEID502724_H2J77DSX3
HEID502724,HEID502724_H2J7JDSX3
HEID502794,HEID502794_H5GL7DSX5
HEID502794,HEID502794_HCHMYDSX5
HEID502828,HEID502828_H5GL7DSX5
HEID502828,HEID502828_HCHMYDSX5
HEID502831,HEID502831_H5GL7DSX5
HEID502831,HEID502831_HCHMYDSX5
HEID502832,HEID502832_H5GJJDSX5
HEID502863,HEID502863_H5GJJDSX5
HEID502863,HEID502863_HCHMYDSX5
HEID502973,HEID502973_H2J7CDSX3
HEID502973,HEID502973_H2J7JDSX3
HEID502992,HEID502992_H2J77DSX3
HEID502992,HEID502992_HG7THDSX3
HEID503129,HEID503129_H5GJJDSX5
HEID503129,HEID503129_HCHMYDSX5
HEID503376,HEID503376_H2J77DSX3
HEID503376,HEID503376_H2J7JDSX3
HEID504021,HEID504021_H2YKNDSX5
HEID504021,HEID504021_HCK2KDSX5
HEID504118,HEID504118_H5CK7DSX5
HEID504190,HEID504190_H2J77DSX3
HEID504190,HEID504190_H2J7JDSX3
HEID504191,HEID504191_H2J77DSX3
HEID504191,HEID504191_H2J7JDSX3
HEID504192,HEID504192_H2J77DSX3
HEID504192,HEID504192_H2J7JDSX3
HEID504398,HEID504398_H5GL7DSX5
HEID504398,HEID504398_HCHMYDSX5
HEID504402,HEID504402_H5GL7DSX5
HEID504402,HEID504402_HCHMYDSX5
HEID504403,HEID504403_H5CK7DSX5
HEID504403,HEID504403_HCHMYDSX5
HEID504407,HEID504407_H32JJDSX5
HEID504407,HEID504407_HCK2KDSX5
HEID504408,HEID504408_H5CK7DSX5
HEID504420,HEID504420_H32JJDSX5
HEID504420,HEID504420_HCK2KDSX5
HEID504534,HEID504534_H2J7CDSX3
HEID504534,HEID504534_H2J7JDSX3
HEID504563,HEID504563_H5GJJDSX5
HEID504563,HEID504563_HCHMYDSX5
HEID504567,HEID504567_H5GL7DSX5
HEID504567,HEID504567_HCHMYDSX5
HEID504568,HEID504568_H5GL7DSX5
HEID504568,HEID504568_HCHMYDSX5
HEID504660,HEID504660_H2J77DSX3
HEID504660,HEID504660_H2J7JDSX3
HEID504668,HEID504668_H2J77DSX3
HEID504668,HEID504668_H2J7JDSX3
HEID504669,HEID504669_H2J77DSX3
HEID504669,HEID504669_H2J7JDSX3
HEID504676,HEID504676_H2J7CDSX3
HEID504676,HEID504676_H2J7JDSX3
HEID504745,HEID504745_H2J77DSX3
HEID504745,HEID504745_H5CK7DSX5
HEID504745,HEID504745_HCHMYDSX5
HEID504881,HEID504881_H2J77DSX3
HEID504881,HEID504881_H2J7JDSX3
HEID504984,HEID504984_H2J7CDSX3
HEID504984,HEID504984_H2J7JDSX3
HEID504984,HEID504984_H5CK7DSX5
HEID504984,HEID504984_HCHMYDSX5
HEID504987,HEID504987_H2J77DSX3
HEID504987,HEID504987_HG7THDSX3
HEID505117,HEID505117_H2J77DSX3
HEID505117,HEID505117_H2J7JDSX3
HEID505118,HEID505118_H2J77DSX3
HEID505118,HEID505118_H2J7JDSX3
HEID505242,HEID505242_H2J7CDSX3
HEID505242,HEID505242_H2J7JDSX3
HEID505429,HEID505429_H5GJJDSX5
HEID505446,HEID505446_H2J77DSX3
HEID505446,HEID505446_HG7THDSX3
HEID505557,HEID505557_H2J77DSX3
HEID505557,HEID505557_HG7THDSX3
HEID505644,HEID505644_H2J77DSX3
HEID505644,HEID505644_H2J7JDSX3
HEID505645,HEID505645_H2J77DSX3
HEID505645,HEID505645_H2J7JDSX3
HEID505738,HEID505738_H2J7CDSX3
HEID505738,HEID505738_H2J7JDSX3
HEID505761,HEID505761_H2J77DSX3
HEID505761,HEID505761_HG7THDSX3
HEID700481,HEID700481_H5CK7DSX5
HEID700481,HEID700481_HCHMYDSX5
HEID712283,HEID712283_H5GL7DSX5
HEID712283,HEID712283_HCHMYDSX5
HEID784061,HEID784061_H5GJJDSX5
HEID8000070,HEID8000070_H2J77DSX3
HEID8000070,HEID8000070_HG7THDSX3
HEID8000142,HEID8000142_H2J7CDSX3
HEID8000142,HEID8000142_H2J7JDSX3
HEID8000146,HEID8000146_H2J77DSX3
HEID8000146,HEID8000146_H2J7JDSX3
HEID8000499,HEID8000499_H2J77DSX3
HEID8000499,HEID8000499_H2J7JDSX3
HEID8000504,HEID8000504_H2J7CDSX3
HEID8000504,HEID8000504_H2J7JDSX3
HEID8000506,HEID8000506_H2J77DSX3
HEID8000506,HEID8000506_H2J7JDSX3
HEID8000518,HEID8000518_H2J77DSX3
HEID8000518,HEID8000518_H2J7JDSX3
HEID8000522,HEID8000522_H2J77DSX3
HEID8000522,HEID8000522_HG7THDSX3
HEID8000525,HEID8000525_H2J77DSX3
HEID8000525,HEID8000525_HG7THDSX3
HEID8000538,HEID8000538_H2J77DSX3
HEID8000538,HEID8000538_H2J7JDSX3
HEID8000549,HEID8000549_H2J77DSX3
HEID8000549,HEID8000549_HG7THDSX3
HEID8000558,HEID8000558_H2J7CDSX3
HEID8000558,HEID8000558_H2J7JDSX3
HEID8000563,HEID8000563_H2J77DSX3
HEID8000563,HEID8000563_H2J7JDSX3
HEID8000565,HEID8000565_H2J77DSX3
HEID8000565,HEID8000565_HG7THDSX3
HEID8000568,HEID8000568_H2J77DSX3
HEID8000568,HEID8000568_HG7THDSX3
HEID8000605,HEID8000605_H2J7CDSX3
HEID8000605,HEID8000605_H2J7JDSX3
HEID8000610,HEID8000610_H2J7CDSX3
HEID8000610,HEID8000610_H2J7JDSX3
HEID8000610,HEID8000610_H5CK7DSX5
HEID8000610,HEID8000610_HCHMYDSX5
HEID8000613,HEID8000613_H2J7CDSX3
HEID8000613,HEID8000613_H2J7JDSX3
HEID8000624,HEID8000624_H2J7CDSX3
HEID8000624,HEID8000624_H2J7JDSX3
HEID8000693,HEID8000693_H2J77DSX3
HEID8000693,HEID8000693_H2J7JDSX3
HEID8000699,HEID8000699_H2J77DSX3
HEID8000699,HEID8000699_H2J7JDSX3
HEID8000704,HEID8000704_H2J77DSX3
HEID8000704,HEID8000704_H2J7JDSX3
HEID8000713,HEID8000713_H2J77DSX3
HEID8000713,HEID8000713_H2J7JDSX3
HEID8000714,HEID8000714_H2J7CDSX3
HEID8000714,HEID8000714_H2J7JDSX3
HEID8000714,HEID8000714_H5CK7DSX5
HEID8000714,HEID8000714_HCHMYDSX5
HEID8000728,HEID8000728_H2J77DSX3
HEID8000728,HEID8000728_H2J7JDSX3
HEID8000732,HEID8000732_H2J77DSX3
HEID8000732,HEID8000732_HG7THDSX3
HEID8000736,HEID8000736_H2J77DSX3
HEID8000736,HEID8000736_H2J7JDSX3
HEID8000744,HEID8000744_H2J77DSX3
HEID8000744,HEID8000744_H2J7JDSX3
HEID8000752,HEID8000752_H2J7CDSX3
HEID8000752,HEID8000752_H2J7JDSX3
HEID8000769,HEID8000769_H2J77DSX3
HEID8000769,HEID8000769_H2J7JDSX3
HEID8000785,HEID8000785_H2J7CDSX3
HEID8000785,HEID8000785_H2J7JDSX3
HEID8000811,HEID8000811_H2J7CDSX3
HEID8000811,HEID8000811_H2J7JDSX3
HEID8000822,HEID8000822_H2J77DSX3
HEID8000822,HEID8000822_HG7THDSX3
HEID8000823,HEID8000823_H2J77DSX3
HEID8000823,HEID8000823_H2J7JDSX3
HEID8000829,HEID8000829_H2J7CDSX3
HEID8000829,HEID8000829_H2J7JDSX3
HEID8000831,HEID8000831_H2J77DSX3
HEID8000831,HEID8000831_H2J7JDSX3
HEID8000833,HEID8000833_H2J77DSX3
HEID8000833,HEID8000833_H2J7JDSX3
HEID8000852,HEID8000852_H2J7CDSX3
HEID8000852,HEID8000852_H2J7JDSX3
HEID8000858,HEID8000858_H2J77DSX3
HEID8000858,HEID8000858_H2J7JDSX3
HEID8000879,HEID8000879_H2J77DSX3
HEID8000879,HEID8000879_HG7THDSX3
HEID8000913,HEID8000913_H2J7CDSX3
HEID8000913,HEID8000913_H2J7JDSX3
HEID8001063,HEID8001063_H2J7CDSX3
HEID8001063,HEID8001063_H2J7JDSX3
HEID8002343,HEID8002343_H2J77DSX3
HEID8002343,HEID8002343_HG7THDSX3
HEID8002960,HEID8002960_H2J77DSX3
HEID8002960,HEID8002960_HG7THDSX3
HEID8002968,HEID8002968_H2J7CDSX3
HEID8002968,HEID8002968_H2J7JDSX3
HEID8002997,HEID8002997_H5GL7DSX5
HEID8002997,HEID8002997_HCHMYDSX5
HEID8003067,HEID8003067_H2J77DSX3
HEID8003067,HEID8003067_HG7THDSX3
HEID8003102,HEID8003102_H5CK7DSX5
HEID8003104,HEID8003104_H5GL7DSX5
HEID8003104,HEID8003104_HCHMYDSX5
HEID8003105,HEID8003105_H5GJJDSX5
HEID8003105,HEID8003105_HCHMYDSX5
HEID8003115,HEID8003115_H5GJJDSX5
HEID8003120,HEID8003120_H5GL7DSX5
HEID8003120,HEID8003120_HCHMYDSX5
HEID8003122,HEID8003122_H2YKNDSX5
HEID8003122,HEID8003122_HCK2KDSX5
HEID8003126,HEID8003126_H5GL7DSX5
HEID8003126,HEID8003126_HCHMYDSX5
HEID8003133,HEID8003133_H5GJJDSX5
HEID8003137,HEID8003137_H5GL7DSX5
HEID8003137,HEID8003137_HCHMYDSX5
HEID8003143,HEID8003143_H5GL7DSX5
HEID8003143,HEID8003143_HCHMYDSX5
HEID8003146,HEID8003146_H5CK7DSX5
HEID8003150,HEID8003150_H5GJJDSX5
HEID8003150,HEID8003150_HCHMYDSX5
HEID8003157,HEID8003157_H5CK7DSX5
HEID8003171,HEID8003171_H32JJDSX5
HEID8003171,HEID8003171_HCK2KDSX5
HEID8003172,HEID8003172_H32JJDSX5
HEID8003172,HEID8003172_HCK2KDSX5
HEID8003177,HEID8003177_H32JJDSX5
HEID8003177,HEID8003177_HCK2KDSX5
HEID8003181,HEID8003181_H2YKNDSX5
HEID8003181,HEID8003181_HCK2KDSX5
HEID8003184,HEID8003184_H2YKNDSX5
HEID8003184,HEID8003184_HCK2KDSX5
HEID8003188,HEID8003188_H2YKNDSX5
HEID8003188,HEID8003188_HCK2KDSX5
HEID8003207,HEID8003207_H5GL7DSX5
HEID8003207,HEID8003207_HCHMYDSX5
HEID8003238,HEID8003238_H2J77DSX3
HEID8003238,HEID8003238_H2J7JDSX3
HEID8003249,HEID8003249_H32JJDSX5
HEID8003249,HEID8003249_HCK2KDSX5
HEID8003258,HEID8003258_H32JJDSX5
HEID8003258,HEID8003258_HCK2KDSX5
HEID8003261,HEID8003261_H5GL7DSX5
HEID8003261,HEID8003261_HCHMYDSX5
HEID8003262,HEID8003262_H5GJJDSX5
HEID8003265,HEID8003265_H5GJJDSX5
HEID8003265,HEID8003265_HCHMYDSX5
HEID8003271,HEID8003271_H5GJJDSX5
HEID8003271,HEID8003271_HCHMYDSX5
HEID8003279,HEID8003279_H2J77DSX3
HEID8003279,HEID8003279_HG7THDSX3
HEID8003289,HEID8003289_H5GJJDSX5
HEID8003289,HEID8003289_HCHMYDSX5
HEID8003292,HEID8003292_H5GJJDSX5
HEID8003297,HEID8003297_H5GL7DSX5
HEID8003297,HEID8003297_HCHMYDSX5
HEID8003299,HEID8003299_H32JJDSX5
HEID8003299,HEID8003299_HCK2KDSX5
HEID8003308,HEID8003308_H5CK7DSX5
HEID8003308,HEID8003308_HCHMYDSX5
HEID8003334,HEID8003334_H2J77DSX3
HEID8003334,HEID8003334_HG7THDSX3
HEID8003343,HEID8003343_H5GJJDSX5
HEID8003372,HEID8003372_H5GJJDSX5
HEID8003394,HEID8003394_H5CK7DSX5
HEID8003394,HEID8003394_HCHMYDSX5
HEID8003408,HEID8003408_H2YKNDSX5
HEID8003408,HEID8003408_HCK2KDSX5
HEID8003409,HEID8003409_H5CK7DSX5
HEID8003410,HEID8003410_H5CK7DSX5
HEID8003427,HEID8003427_H5CK7DSX5
HEID8003429,HEID8003429_H2YKNDSX5
HEID8003429,HEID8003429_HCK2KDSX5
HEID8003431,HEID8003431_H5GJJDSX5
HEID8003431,HEID8003431_HCHMYDSX5
HEID8003441,HEID8003441_H2J7CDSX3
HEID8003441,HEID8003441_H2J7JDSX3
HEID8003474,HEID8003474_H32JJDSX5
HEID8003474,HEID8003474_HCK2KDSX5
HEID8003482,HEID8003482_H2YKNDSX5
HEID8003482,HEID8003482_HCK2KDSX5
HEID8003485,HEID8003485_H2YKNDSX5
HEID8003485,HEID8003485_HCK2KDSX5
HEID8006711,HEID8006711_H2J77DSX3
HEID8006711,HEID8006711_H2J7JDSX3
HEID8007748,HEID8007748_H5GL7DSX5
HEID8007748,HEID8007748_HCHMYDSX5
HEID8007801,HEID8007801_H5GJJDSX5
HEID8007803,HEID8007803_H5GJJDSX5
HEID8007803,HEID8007803_HCHMYDSX5
HEID8007807,HEID8007807_H5GJJDSX5
HEID8007807,HEID8007807_HCHMYDSX5
HEID8007889,HEID8007889_H5GJJDSX5
HEID8007915,HEID8007915_H5GL7DSX5
HEID8007915,HEID8007915_HCHMYDSX5
HEID8007966,HEID8007966_H5CK7DSX5
HEID8007975,HEID8007975_H5GJJDSX5
HEID8007991,HEID8007991_H5GL7DSX5
HEID8007991,HEID8007991_HCHMYDSX5
HEID8007999,HEID8007999_H5GL7DSX5
HEID8007999,HEID8007999_HCHMYDSX5
HEID8008016,HEID8008016_H5GL7DSX5
HEID8008016,HEID8008016_HCHMYDSX5
HEID8008035,HEID8008035_H5CK7DSX5
HEID8008053,HEID8008053_H5GJJDSX5
HEID8008073,HEID8008073_H2YKNDSX5
HEID8008073,HEID8008073_HCK2KDSX5
HEID8008102,HEID8008102_H5GL7DSX5
HEID8008102,HEID8008102_HCHMYDSX5
HEID8008105,HEID8008105_H5GL7DSX5
HEID8008105,HEID8008105_HCHMYDSX5
HEID8008106,HEID8008106_H5CK7DSX5
HEID8008107,HEID8008107_H2YKNDSX5
HEID8008107,HEID8008107_HCK2KDSX5
HEID8008110,HEID8008110_H5CK7DSX5
HEID8008112,HEID8008112_H5GL7DSX5
HEID8008112,HEID8008112_HCHMYDSX5
HEID8008113,HEID8008113_H2J77DSX3
HEID8008113,HEID8008113_HG7THDSX3
HEID8008115,HEID8008115_H5GL7DSX5
HEID8008115,HEID8008115_HCHMYDSX5
HEID8008116,HEID8008116_H5GL7DSX5
HEID8008116,HEID8008116_HCHMYDSX5
HEID8008119,HEID8008119_H5GL7DSX5
HEID8008119,HEID8008119_HCHMYDSX5
HEID8008121,HEID8008121_H5GJJDSX5
HEID8008122,HEID8008122_H5GL7DSX5
HEID8008122,HEID8008122_HCHMYDSX5
HEID8008213,HEID8008213_H5GL7DSX5
HEID8008213,HEID8008213_HCHMYDSX5
HEID8008261,HEID8008261_H5CK7DSX5
HEID8008266,HEID8008266_H5CK7DSX5
HEID8008268,HEID8008268_H5CK7DSX5
HEID8008298,HEID8008298_H5CK7DSX5
HEID8008298,HEID8008298_HCHMYDSX5
HEID8008306,HEID8008306_H5GJJDSX5
HEID8008308,HEID8008308_H5GJJDSX5
HEID8008332,HEID8008332_H5CK7DSX5
HEID8008334,HEID8008334_H5CK7DSX5
HEID8008402,HEID8008402_H5CK7DSX5
HEID8008402,HEID8008402_HCHMYDSX5
HEID8008426,HEID8008426_H5GL7DSX5
HEID8008426,HEID8008426_HCHMYDSX5
HEID8008429,HEID8008429_H5GL7DSX5
HEID8008429,HEID8008429_HCHMYDSX5
HEID8008439,HEID8008439_H5GJJDSX5
HEID8008439,HEID8008439_HCHMYDSX5
HEID8008532,HEID8008532_H5GJJDSX5
HEID8008534,HEID8008534_H5GJJDSX5
HEID8008542,HEID8008542_H2J77DSX3
HEID8008542,HEID8008542_H2J7JDSX3
HEID8008546,HEID8008546_H5GL7DSX5
HEID8008546,HEID8008546_HCHMYDSX5
HEID8008561,HEID8008561_H5GL7DSX5
HEID8008561,HEID8008561_HCHMYDSX5
HEID8008564,HEID8008564_H5CK7DSX5
HEID8008566,HEID8008566_H5GJJDSX5
HEID8008566,HEID8008566_HCHMYDSX5
HEID8008569,HEID8008569_H5CK7DSX5
HEID8008576,HEID8008576_H5GJJDSX5
HEID8008576,HEID8008576_HCHMYDSX5
HEID8008583,HEID8008583_H5GJJDSX5
HEID8008583,HEID8008583_HCHMYDSX5
HEID8008590,HEID8008590_H5CK7DSX5
HEID8008590,HEID8008590_HCHMYDSX5
HEID8008598,HEID8008598_H2YKNDSX5
HEID8008598,HEID8008598_HCK2KDSX5
HEID8008599,HEID8008599_H5GJJDSX5
HEID8008606,HEID8008606_H2YKNDSX5
HEID8008606,HEID8008606_HCK2KDSX5
HEID8008752,HEID8008752_H5GJJDSX5
HEID8008752,HEID8008752_HCHMYDSX5
HEID8008786,HEID8008786_H2J77DSX3
HEID8008786,HEID8008786_H2J7JDSX3
HEID8008794,HEID8008794_H2J7CDSX3
HEID8008794,HEID8008794_H2J7JDSX3
HEID8008881,HEID8008881_H2J77DSX3
HEID8008881,HEID8008881_H2J7JDSX3
HEID8008974,HEID8008974_H2J77DSX3
HEID8008974,HEID8008974_H2J7JDSX3
HEID8008999,HEID8008999_H2J77DSX3
HEID8008999,HEID8008999_HG7THDSX3
HEID8009144,HEID8009144_H2J77DSX3
HEID8009144,HEID8009144_H2J7JDSX3
HEID8009274,HEID8009274_H2J77DSX3
HEID8009274,HEID8009274_HG7THDSX3
HEID8009296,HEID8009296_H2J7CDSX3
HEID8009296,HEID8009296_H2J7JDSX3
HEID8009938,HEID8009938_H5CK7DSX5
HEID8009938,HEID8009938_HCHMYDSX5
HEID8009940,HEID8009940_H5GJJDSX5
HEID8009942,HEID8009942_H5GJJDSX5
HEID8009943,HEID8009943_H5GJJDSX5
HEID8009947,HEID8009947_H2J77DSX3
HEID8009947,HEID8009947_HG7THDSX3
HEID8009950,HEID8009950_H5GL7DSX5
HEID8009950,HEID8009950_HCHMYDSX5
HEID8009951,HEID8009951_H5GL7DSX5
HEID8009951,HEID8009951_HCHMYDSX5
HEID8009952,HEID8009952_H2J77DSX3
HEID8009952,HEID8009952_H5CK7DSX5
HEID8009952,HEID8009952_HCHMYDSX5
HEID8009952,HEID8009952_HG7THDSX3
HEID8009953,HEID8009953_H5CK7DSX5
HEID8009954,HEID8009954_H5CK7DSX5
HEID8009955,HEID8009955_H5CK7DSX5
HEID8009960,HEID8009960_H5CK7DSX5
HEID8009961,HEID8009961_H5CK7DSX5
HEID8009962,HEID8009962_H5GJJDSX5
HEID8009962,HEID8009962_HCHMYDSX5
HEID8009963,HEID8009963_H5GJJDSX5
HEID8009963,HEID8009963_HCHMYDSX5
HEID8009964,HEID8009964_H5GJJDSX5
HEID8009964,HEID8009964_HCHMYDSX5
HEID8009965,HEID8009965_H5GJJDSX5
HEID8009965,HEID8009965_HCHMYDSX5
HEID8009967,HEID8009967_H5GJJDSX5
HEID8009967,HEID8009967_HCHMYDSX5
HEID8009968,HEID8009968_H5GJJDSX5
HEID8009968,HEID8009968_HCHMYDSX5
HEID8009971,HEID8009971_H5GJJDSX5
HEID8009971,HEID8009971_HCHMYDSX5
HEID8009973,HEID8009973_H5GL7DSX5
HEID8009973,HEID8009973_HCHMYDSX5
HEID8009974,HEID8009974_H32JJDSX5
HEID8009974,HEID8009974_HCK2KDSX5
HEID8009975,HEID8009975_H32JJDSX5
HEID8009975,HEID8009975_HCK2KDSX5
HEID8009976,HEID8009976_H32JJDSX5
HEID8009976,HEID8009976_HCK2KDSX5
HEID8009978,HEID8009978_H32JJDSX5
HEID8009978,HEID8009978_HCK2KDSX5
HEID8009979,HEID8009979_H32JJDSX5
HEID8009979,HEID8009979_HCK2KDSX5
HEID8009980,HEID8009980_H2YKNDSX5
HEID8009980,HEID8009980_HCK2KDSX5
HEID8009981,HEID8009981_H2YKNDSX5
HEID8009981,HEID8009981_HCK2KDSX5
HEID8009984,HEID8009984_H2YKNDSX5
HEID8009984,HEID8009984_HCK2KDSX5
HEID8009986,HEID8009986_H2YKNDSX5
HEID8009986,HEID8009986_HCK2KDSX5
HEID8009987,HEID8009987_H2YKNDSX5
HEID8009987,HEID8009987_HCK2KDSX5
HEID8009989,HEID8009989_H2YKNDSX5
HEID8009989,HEID8009989_HCK2KDSX5
HEID8009990,HEID8009990_H2YKNDSX5
HEID8009990,HEID8009990_HCK2KDSX5
HEID8009993,HEID8009993_H2YKNDSX5
HEID8009993,HEID8009993_HCK2KDSX5
HEID8009999,HEID8009999_H5GL7DSX5
HEID8009999,HEID8009999_HCHMYDSX5
HEID8010009,HEID8010009_H5CK7DSX5
HEID8010009,HEID8010009_HCHMYDSX5
HEID8010015,HEID8010015_H32JJDSX5
HEID8010015,HEID8010015_HCK2KDSX5
HEID8010021,HEID8010021_H5CK7DSX5
HEID8010022,HEID8010022_H2J77DSX3
HEID8010022,HEID8010022_HG7THDSX3
HEID8010033,HEID8010033_H5GL7DSX5
HEID8010033,HEID8010033_HCHMYDSX5
HEID8010044,HEID8010044_H32JJDSX5
HEID8010044,HEID8010044_HCK2KDSX5
HEID8010045,HEID8010045_H32JJDSX5
HEID8010045,HEID8010045_HCK2KDSX5
HEID8010046,HEID8010046_H32JJDSX5
HEID8010046,HEID8010046_HCK2KDSX5
HEID8010047,HEID8010047_H2YKNDSX5
HEID8010047,HEID8010047_HCK2KDSX5
HEID8010050,HEID8010050_H5CK7DSX5
HEID8010050,HEID8010050_HCHMYDSX5
HEID8010056,HEID8010056_H2J77DSX3
HEID8010056,HEID8010056_HG7THDSX3
HEID8010059,HEID8010059_H5GL7DSX5
HEID8010059,HEID8010059_HCHMYDSX5
HEID8010063,HEID8010063_H2J77DSX3
HEID8010063,HEID8010063_HG7THDSX3
HEID8010066,HEID8010066_H2J77DSX3
HEID8010066,HEID8010066_H2J7JDSX3
HEID8010067,HEID8010067_H32JJDSX5
HEID8010067,HEID8010067_HCK2KDSX5
HEID8010072,HEID8010072_H2YKNDSX5
HEID8010072,HEID8010072_HCK2KDSX5
HEID8010077,HEID8010077_H32JJDSX5
HEID8010077,HEID8010077_HCK2KDSX5
HEID8010078,HEID8010078_H2YKNDSX5
HEID8010078,HEID8010078_HCK2KDSX5
HEID8010080,HEID8010080_H5GJJDSX5
HEID8010110,HEID8010110_H2J77DSX3
HEID8010110,HEID8010110_H2J7JDSX3
HEID8010111,HEID8010111_H2J77DSX3
HEID8010111,HEID8010111_H2J7JDSX3
HEID8010112,HEID8010112_H2J7CDSX3
HEID8010112,HEID8010112_H2J7JDSX3
HEID8010112,HEID8010112_H5CK7DSX5
HEID8010112,HEID8010112_HCHMYDSX5
HEID8010113,HEID8010113_H2J77DSX3
HEID8010113,HEID8010113_H2J7JDSX3
HEID8010118,HEID8010118_H2J77DSX3
HEID8010118,HEID8010118_H2J7JDSX3
HEID8010118,HEID8010118_H5CK7DSX5
HEID8010118,HEID8010118_HCHMYDSX5
HEID8010125,HEID8010125_H2J77DSX3
HEID8010125,HEID8010125_H2J7JDSX3
HEID8010127,HEID8010127_H2J77DSX3
HEID8010127,HEID8010127_H2J7JDSX3
HEID8010128,HEID8010128_H5CK7DSX5
HEID8010128,HEID8010128_HCHMYDSX5
HEID8010129,HEID8010129_H5CK7DSX5
HEID8010129,HEID8010129_HCHMYDSX5
HEID8010130,HEID8010130_H5CK7DSX5
HEID8010130,HEID8010130_HCHMYDSX5
HEID8010131,HEID8010131_H5GJJDSX5
HEID8010134,HEID8010134_H5GL7DSX5
HEID8010134,HEID8010134_HCHMYDSX5
HEID8010135,HEID8010135_H5GL7DSX5
HEID8010135,HEID8010135_HCHMYDSX5
HEID8010136,HEID8010136_H5CK7DSX5
HEID8010136,HEID8010136_HCHMYDSX5
HEID8010137,HEID8010137_H5GL7DSX5
HEID8010137,HEID8010137_HCHMYDSX5
HEID8010138,HEID8010138_H5GL7DSX5
HEID8010138,HEID8010138_HCHMYDSX5
HEID8010139,HEID8010139_H5CK7DSX5
HEID8010139,HEID8010139_HCHMYDSX5
HEID8010140,HEID8010140_H5GL7DSX5
HEID8010140,HEID8010140_HCHMYDSX5
HEID8010141,HEID8010141_H5GL7DSX5
HEID8010141,HEID8010141_HCHMYDSX5
HEID8010146,HEID8010146_H5GL7DSX5
HEID8010146,HEID8010146_HCHMYDSX5
HEID8010147,HEID8010147_H5GL7DSX5
HEID8010147,HEID8010147_HCHMYDSX5
HEID8010149,HEID8010149_H5CK7DSX5
HEID8010151,HEID8010151_H5CK7DSX5
HEID8010154,HEID8010154_H5CK7DSX5
HEID8010155,HEID8010155_H5CK7DSX5
HEID8010156,HEID8010156_H5CK7DSX5
HEID8010158,HEID8010158_H5GJJDSX5
HEID8010158,HEID8010158_HCHMYDSX5
HEID8010161,HEID8010161_H5GJJDSX5
HEID8010161,HEID8010161_HCHMYDSX5
HEID8010165,HEID8010165_H5GL7DSX5
HEID8010165,HEID8010165_HCHMYDSX5
HEID8010166,HEID8010166_H32JJDSX5
HEID8010166,HEID8010166_HCK2KDSX5
HEID8010167,HEID8010167_H32JJDSX5
HEID8010167,HEID8010167_HCK2KDSX5
HEID8010168,HEID8010168_H32JJDSX5
HEID8010168,HEID8010168_HCK2KDSX5
HEID8010169,HEID8010169_H32JJDSX5
HEID8010169,HEID8010169_HCK2KDSX5
HEID8010170,HEID8010170_H32JJDSX5
HEID8010170,HEID8010170_HCK2KDSX5
HEID8010171,HEID8010171_H32JJDSX5
HEID8010171,HEID8010171_HCK2KDSX5
HEID8010175,HEID8010175_H2YKNDSX5
HEID8010175,HEID8010175_HCK2KDSX5
HEID8010176,HEID8010176_H2YKNDSX5
HEID8010176,HEID8010176_HCK2KDSX5
HEID8010177,HEID8010177_H2YKNDSX5
HEID8010177,HEID8010177_HCK2KDSX5
HEID8010183,HEID8010183_H5GL7DSX5
HEID8010183,HEID8010183_HCHMYDSX5
HEID8010187,HEID8010187_H32JJDSX5
HEID8010187,HEID8010187_HCK2KDSX5
HEID8010188,HEID8010188_H5CK7DSX5
HEID8010189,HEID8010189_H5GL7DSX5
HEID8010189,HEID8010189_HCHMYDSX5
HEID8010190,HEID8010190_H5GJJDSX5
HEID8010192,HEID8010192_H5GJJDSX5
HEID8010198,HEID8010198_H5CK7DSX5
HEID8010203,HEID8010203_H2J77DSX3
HEID8010203,HEID8010203_H2J7JDSX3
HEID8010213,HEID8010213_H5CK7DSX5
HEID8010213,HEID8010213_HCHMYDSX5
HEID8010215,HEID8010215_H5CK7DSX5
HEID8010215,HEID8010215_HCHMYDSX5
HEID8010217,HEID8010217_H5CK7DSX5
HEID8010217,HEID8010217_HCHMYDSX5
HEID8010225,HEID8010225_H32JJDSX5
HEID8010225,HEID8010225_HCK2KDSX5
HEID8010229,HEID8010229_H5GJJDSX5
HEID8010230,HEID8010230_H5GL7DSX5
HEID8010230,HEID8010230_HCHMYDSX5
HEID8010231,HEID8010231_H5CK7DSX5
HEID8010231,HEID8010231_HCHMYDSX5
HEID8010234,HEID8010234_H5CK7DSX5
HEID8010234,HEID8010234_HCHMYDSX5
HEID8010237,HEID8010237_H5GJJDSX5
HEID8010238,HEID8010238_H5GJJDSX5
HEID8010238,HEID8010238_HCHMYDSX5
HEID8010239,HEID8010239_H5GJJDSX5
HEID8010240,HEID8010240_H5GJJDSX5
HEID8010241,HEID8010241_H5GJJDSX5
HEID8010241,HEID8010241_HCHMYDSX5
HEID8010243,HEID8010243_H5GJJDSX5
HEID8010244,HEID8010244_H5GJJDSX5
HEID8010246,HEID8010246_H5GJJDSX5
HEID8010247,HEID8010247_H5GJJDSX5
HEID8010248,HEID8010248_H5GJJDSX5
HEID8010251,HEID8010251_H5GJJDSX5
HEID8010254,HEID8010254_H5GL7DSX5
HEID8010254,HEID8010254_HCHMYDSX5
HEID8010256,HEID8010256_H5GL7DSX5
HEID8010256,HEID8010256_HCHMYDSX5
HEID8010257,HEID8010257_H5GL7DSX5
HEID8010257,HEID8010257_HCHMYDSX5
HEID8010258,HEID8010258_H5GL7DSX5
HEID8010258,HEID8010258_HCHMYDSX5
HEID8010259,HEID8010259_H5GL7DSX5
HEID8010259,HEID8010259_HCHMYDSX5
HEID8010260,HEID8010260_H5GL7DSX5
HEID8010260,HEID8010260_HCHMYDSX5
HEID8010262,HEID8010262_H5GL7DSX5
HEID8010262,HEID8010262_HCHMYDSX5
HEID8010263,HEID8010263_H5GL7DSX5
HEID8010263,HEID8010263_HCHMYDSX5
HEID8010264,HEID8010264_H5GL7DSX5
HEID8010264,HEID8010264_HCHMYDSX5
HEID8010265,HEID8010265_H5GL7DSX5
HEID8010265,HEID8010265_HCHMYDSX5
HEID8010266,HEID8010266_H5GL7DSX5
HEID8010266,HEID8010266_HCHMYDSX5
HEID8010267,HEID8010267_H5CK7DSX5
HEID8010268,HEID8010268_H5CK7DSX5
HEID8010269,HEID8010269_H5CK7DSX5
HEID8010272,HEID8010272_H5CK7DSX5
HEID8010273,HEID8010273_H5GJJDSX5
HEID8010273,HEID8010273_HCHMYDSX5
HEID8010274,HEID8010274_H5GJJDSX5
HEID8010274,HEID8010274_HCHMYDSX5
HEID8010275,HEID8010275_H5GJJDSX5
HEID8010275,HEID8010275_HCHMYDSX5
HEID8010276,HEID8010276_H5GJJDSX5
HEID8010276,HEID8010276_HCHMYDSX5
HEID8010277,HEID8010277_H5GJJDSX5
HEID8010277,HEID8010277_HCHMYDSX5
HEID8010279,HEID8010279_H5GJJDSX5
HEID8010279,HEID8010279_HCHMYDSX5
HEID8010280,HEID8010280_H5GJJDSX5
HEID8010283,HEID8010283_H32JJDSX5
HEID8010283,HEID8010283_HCK2KDSX5
HEID8010284,HEID8010284_H5GL7DSX5
HEID8010284,HEID8010284_HCHMYDSX5
HEID8010285,HEID8010285_H5GL7DSX5
HEID8010285,HEID8010285_HCHMYDSX5
HEID8010286,HEID8010286_H5GL7DSX5
HEID8010286,HEID8010286_HCHMYDSX5
HEID8010287,HEID8010287_H5GL7DSX5
HEID8010287,HEID8010287_HCHMYDSX5
HEID8010288,HEID8010288_H2YKNDSX5
HEID8010288,HEID8010288_HCK2KDSX5
HEID8010289,HEID8010289_H5GL7DSX5
HEID8010289,HEID8010289_HCHMYDSX5
HEID8010290,HEID8010290_H32JJDSX5
HEID8010290,HEID8010290_HCK2KDSX5
HEID8010291,HEID8010291_H2YKNDSX5
HEID8010291,HEID8010291_HCK2KDSX5
HEID8010293,HEID8010293_H2YKNDSX5
HEID8010293,HEID8010293_HCK2KDSX5
HEID8010294,HEID8010294_H2YKNDSX5
HEID8010294,HEID8010294_HCK2KDSX5
HEID8010295,HEID8010295_H2YKNDSX5
HEID8010295,HEID8010295_HCK2KDSX5
HEID8010296,HEID8010296_H32JJDSX5
HEID8010296,HEID8010296_HCK2KDSX5
HEID8010297,HEID8010297_H32JJDSX5
HEID8010297,HEID8010297_HCK2KDSX5
HEID8010298,HEID8010298_H32JJDSX5
HEID8010298,HEID8010298_HCK2KDSX5
HEID8010299,HEID8010299_H32JJDSX5
HEID8010299,HEID8010299_HCK2KDSX5
HEID8010300,HEID8010300_H32JJDSX5
HEID8010300,HEID8010300_HCK2KDSX5
HEID8010301,HEID8010301_H2YKNDSX5
HEID8010301,HEID8010301_HCK2KDSX5
HEID8010302,HEID8010302_H2YKNDSX5
HEID8010302,HEID8010302_HCK2KDSX5
HEID8010303,HEID8010303_H2YKNDSX5
HEID8010303,HEID8010303_HCK2KDSX5
HEID8010304,HEID8010304_H2YKNDSX5
HEID8010304,HEID8010304_HCK2KDSX5
HEID8010305,HEID8010305_H2YKNDSX5
HEID8010305,HEID8010305_HCK2KDSX5
HEID8010324,HEID8010324_H5GJJDSX5
HEID8010324,HEID8010324_HCHMYDSX5
HEID8010325,HEID8010325_H32JJDSX5
HEID8010325,HEID8010325_HCK2KDSX5
HEID8010335,HEID8010335_H32JJDSX5
HEID8010335,HEID8010335_HCK2KDSX5
HEID8010336,HEID8010336_H2YKNDSX5
HEID8010336,HEID8010336_HCK2KDSX5
HEID8010338,HEID8010338_H5CK7DSX5
HEID8010338,HEID8010338_HCHMYDSX5
HEID8010339,HEID8010339_H5CK7DSX5
HEID8010339,HEID8010339_HCHMYDSX5
HEID8010342,HEID8010342_H5CK7DSX5
HEID8010347,HEID8010347_H2YKNDSX5
HEID8010347,HEID8010347_HCK2KDSX5
HEID8010353,HEID8010353_H5CK7DSX5
HEID8010353,HEID8010353_HCHMYDSX5
HEID8010397,HEID8010397_H5CK7DSX5
HEID8010397,HEID8010397_HCHMYDSX5
HEID8010398,HEID8010398_H5CK7DSX5
HEID8010398,HEID8010398_HCHMYDSX5
HEID8010399,HEID8010399_H5CK7DSX5
HEID8010399,HEID8010399_HCHMYDSX5
HEID8010400,HEID8010400_H5CK7DSX5
HEID8010400,HEID8010400_HCHMYDSX5
HEID8010402,HEID8010402_H5CK7DSX5
HEID8010402,HEID8010402_HCHMYDSX5
HEID8010405,HEID8010405_H5CK7DSX5
HEID8010405,HEID8010405_HCHMYDSX5
HEID8010406,HEID8010406_H5CK7DSX5
HEID8010406,HEID8010406_HCHMYDSX5
HEID8010407,HEID8010407_H5CK7DSX5
HEID8010407,HEID8010407_HCHMYDSX5
HEID8010409,HEID8010409_H5CK7DSX5
HEID8010409,HEID8010409_HCHMYDSX5
HEID8010806,HEID8010806_H5GJJDSX5
HEID8010807,HEID8010807_H5GL7DSX5
HEID8010807,HEID8010807_HCHMYDSX5
HEID8010808,HEID8010808_H5CK7DSX5
HEID8010808,HEID8010808_HCHMYDSX5
HEID8010809,HEID8010809_H5GJJDSX5
HEID8010809,HEID8010809_HCHMYDSX5
HEID8010810,HEID8010810_H5GJJDSX5
HEID8010810,HEID8010810_HCHMYDSX5
HEID8010811,HEID8010811_H5GJJDSX5
HEID8010812,HEID8010812_H5GL7DSX5
HEID8010812,HEID8010812_HCHMYDSX5
HEID8010813,HEID8010813_H5GL7DSX5
HEID8010813,HEID8010813_HCHMYDSX5
HEID8010814,HEID8010814_H5GL7DSX5
HEID8010814,HEID8010814_HCHMYDSX5
HEID8010815,HEID8010815_H5CK7DSX5
HEID8010816,HEID8010816_H5GJJDSX5
HEID8010816,HEID8010816_HCHMYDSX5
HEID8010817,HEID8010817_H2J77DSX3
HEID8010817,HEID8010817_H2J7JDSX3
HEID8010817,HEID8010817_H5CK7DSX5
HEID8010817,HEID8010817_HCHMYDSX5
HEID8010818,HEID8010818_H5GJJDSX5
HEID8010818,HEID8010818_HCHMYDSX5
HEID8010819,HEID8010819_H5CK7DSX5
HEID8010820,HEID8010820_H5GJJDSX5
HEID8010820,HEID8010820_HCHMYDSX5
HEID8010821,HEID8010821_H32JJDSX5
HEID8010821,HEID8010821_HCK2KDSX5
HEID8010822,HEID8010822_H5GL7DSX5
HEID8010822,HEID8010822_HCHMYDSX5
HEID8010823,HEID8010823_H5GJJDSX5
HEID8010823,HEID8010823_HCHMYDSX5
HEID8010824,HEID8010824_H2YKNDSX5
HEID8010824,HEID8010824_HCK2KDSX5
HEID8010825,HEID8010825_H5CK7DSX5
HEID8010826,HEID8010826_H5GL7DSX5
HEID8010826,HEID8010826_HCHMYDSX5
HEID8010827,HEID8010827_H2J77DSX3
HEID8010827,HEID8010827_H2J7JDSX3
HEID8010828,HEID8010828_H5GL7DSX5
HEID8010828,HEID8010828_HCHMYDSX5
HEID809730,HEID809730_H2J77DSX3
HEID809730,HEID809730_H2J7JDSX3
HEID809782,HEID809782_H2J77DSX3
HEID809782,HEID809782_H2J7JDSX3
HEID809801,HEID809801_H2J77DSX3
HEID809801,HEID809801_H2J7JDSX3
HEID809841,HEID809841_H2J7CDSX3
HEID809841,HEID809841_H2J7JDSX3
HEID9200106,HEID9200106_H2J77DSX3
HEID9200106,HEID9200106_H2J7JDSX3
HEID9200251,HEID9200251_H2J77DSX3
HEID9200251,HEID9200251_H2J7JDSX3
HEID9200278,HEID9200278_H2J77DSX3
HEID9200278,HEID9200278_H2J7JDSX3
HEID9200281,HEID9200281_H5GL7DSX5
HEID9200281,HEID9200281_HCHMYDSX5
HEID9200300,HEID9200300_H2J7CDSX3
HEID9200300,HEID9200300_H2J7JDSX3
JB101,JB101
JB103,JB103
JB108,JB108
JB111,JB111
JB1176,JB1176
JB1216,JB1216
JB1275,JB1275
JB1279,JB1279
JB1287,JB1287
JB132,JB132
JB138,JB138
JB1413,JB1413
JB1508,JB1508
JB152,JB152
JB1624,JB1624
JB166,JB166
JB171,JB171
JB178,JB178
JB181,JB181
JB182,JB182
JB189,JB189
JB194,JB194
JB196,JB196
JB199,JB199
JB203,JB203
JB208,JB208
JB215,JB215
JB220,JB220
JB231,JB231
JB234,JB234
JB236,JB236
JB237,JB237
JB242,JB242
JB257,JB257
JB264,JB264
JB273,JB273
JB274,JB274
JB277,JB277
JB284,JB284
JB418,JB418
JB709,JB709
JB828,JB828
JB837,JB837
JB895,JB895
JB967,JB967
JB994,JB994
LA242,LA242
LA341,LA341
LA474,LA474
LA711,LA711
NA_sn,NA_sn
NB1,NB1
NB10,NB10
NB11,NB11
NB2,NB2
NB3,NB3
NB4,NB4
NB5,NB5
NB6,NB6
NB7,NB7
NB8,NB8
NB9,NB9
ODN163,ODN163
ODN165,ODN165
ODN30,ODN30
ODN34,ODN34
ODN53,ODN53
ODN54,ODN54
ODN55,ODN55
ODN61,ODN61
ODN87,ODN87
P05357788,P05357788
PAFTOL_005410,PAFTOL_005410
PAFTOL_005411,PAFTOL_005411
PAFTOL_008053,PAFTOL_008053
PAFTOL_014331,PAFTOL_014331
PAFTOL_019329,PAFTOL_019329
PAFTOL_019331,PAFTOL_019331
PAFTOL_019333,PAFTOL_019333
PAFTOL_019335,PAFTOL_019335
PAFTOL_019339,PAFTOL_019339
PAFTOL_019341,PAFTOL_019341
PAFTOL_019347,PAFTOL_019347
PAFTOL_019349,PAFTOL_019349
PAFTOL_019353,PAFTOL_019353
PAFTOL_019357,PAFTOL_019357
PAFTOL_019359,PAFTOL_019359
PAFTOL_019361,PAFTOL_019361
PAFTOL_019363,PAFTOL_019363
PAFTOL_019367,PAFTOL_019367
PAFTOL_019369,PAFTOL_019369
PAFTOL_019371,PAFTOL_019371
PAFTOL_019373,PAFTOL_019373
PAFTOL_019377,PAFTOL_019377
PAFTOL_019379,PAFTOL_019379
PAFTOL_019381,PAFTOL_019381
PAFTOL_019385,PAFTOL_019385
PAFTOL_019393,PAFTOL_019393
PAFTOL_019399,PAFTOL_019399
PAFTOL_019401,PAFTOL_019401
PAFTOL_019403,PAFTOL_019403
PAFTOL_019405,PAFTOL_019405
PAFTOL_019407,PAFTOL_019407
PAFTOL_019409,PAFTOL_019409
PAFTOL_019411,PAFTOL_019411
PAFTOL_019413,PAFTOL_019413
PAFTOL_019415,PAFTOL_019415
PAFTOL_019419,PAFTOL_019419
PAFTOL_019421,PAFTOL_019421
PAFTOL_019423,PAFTOL_019423
PAFTOL_019425,PAFTOL_019425
PAFTOL_019429,PAFTOL_019429
PAFTOL_019431,PAFTOL_019431
PAFTOL_019433,PAFTOL_019433
PAFTOL_019435,PAFTOL_019435
PAFTOL_019437,PAFTOL_019437
PAFTOL_019439,PAFTOL_019439
PAFTOL_019441,PAFTOL_019441
PAFTOL_019443,PAFTOL_019443
PAFTOL_019447,PAFTOL_019447
PAFTOL_019453,PAFTOL_019453
PAFTOL_019455,PAFTOL_019455
PAFTOL_019459,PAFTOL_019459
PAFTOL_023435,PAFTOL_023435
PAFTOL_023437,PAFTOL_023437
PAFTOL_023445,PAFTOL_023445
PAFTOL_023449,PAFTOL_023449
PAFTOL_023451,PAFTOL_023451
PAFTOL_023453,PAFTOL_023453
PAFTOL_023457,PAFTOL_023457
PAFTOL_023459,PAFTOL_023459
PAFTOL_023461,PAFTOL_023461
PAFTOL_023463,PAFTOL_023463
PAFTOL_023465,PAFTOL_023465
PAFTOL_023467,PAFTOL_023467
PAFTOL_023469,PAFTOL_023469
PAFTOL_023471,PAFTOL_023471
PAFTOL_023473,PAFTOL_023473
PAFTOL_023475,PAFTOL_023475
PAFTOL_023477,PAFTOL_023477
PAFTOL_023481,PAFTOL_023481
PAFTOL_023483,PAFTOL_023483
PAFTOL_023487,PAFTOL_023487
PAFTOL_023491,PAFTOL_023491
PAFTOL_023493,PAFTOL_023493
PAFTOL_023495,PAFTOL_023495
PAFTOL_023497,PAFTOL_023497
PAFTOL_023499,PAFTOL_023499
PAFTOL_023503,PAFTOL_023503
PAFTOL_023509,PAFTOL_023509
PAFTOL_023511,PAFTOL_023511
PAFTOL_023513,PAFTOL_023513
PAFTOL_023515,PAFTOL_023515
PAFTOL_023519,PAFTOL_023519
PJA244,PJA244
RB312,RB312
RB313,RB313
RB314,RB314
RB325,RB325
RB326,RB326
RB327,RB327
RB328,RB328
RB33,RB33
RB334,RB334
RB34,RB34
RB35,RB35
RB36,RB36
RB360,RB360
RB37,RB37
RB38,RB38
RB386,RB386
RB387,RB387
RB39,RB39
RB390,RB390
RB391,RB391
RB42,RB42
RB43,RB43
RB50,RB50
RB509,RB509
RB51,RB51
RB52,RB52
RB54,RB54
RB55,RB55
RB56,RB56
RB585,RB585
RB586,RB586
RB59,RB59
RB60,RB60
RB61,RB61
RB63,RB63
RB659,RB659
RB66,RB66
RB667,RB667
RB668,RB668
RB67,RB67
RB679,RB679
RB681,RB681
RB682,RB682
RB706,RB706
RB707,RB707
RB708,RB708
RB723,RB723
RB724,RB724
RB725,RB725
RB726,RB726
RB727,RB727
RB742,RB742
RB743,RB743
RB744,RB744
RB77,RB77
RB949,RB949
RB958,RB958
S_670,S_670
S0055,S0055
S0156,S0156
S0156,S0156b
S0173,S0173
S0173,S0173b
S0196,S0196
S0196,S0196-2
S0196,S0196b
S0268,S0268
S0273,S0273
S0275,S0275
S0275,S0275b
S0277,S0277
S0277,S0277b
S0278,S0278
S0278,S0278b
S0279,S0279
S0280,S0280
S0281,S0281
S0282,S0282
S0283,S0283
S0284,S0284
S0284,S0284b
S0284,S0284c
S0285,S0285
S0285,S0285b
S0285,S0285c
S0286,S0286
S0287,S0287
S0287,S0287-2
S0287,S0287b
S0288,S0288
S0288,S0288b
S0289,S0289
S0289,S0289b
S0291,S0291
S0291,S0291b
S0292,S0292
S0293,S0293
S0294,S0294
S0294,S0294b
S0295,S0295
S0296,S0296
S0296,S0296b
S0297,S0297
S0297,S0297b
S0298,S0298
S0298,S0298b
S0299,S0299
S0299,S0299b
S0300,S0300
S0300,S0300b
S0301,S0301
S0301,S0301b
S0303,S0303
S0303,S0303b
S0305,S0305
S0305,S0305b
S0306,S0306
S0306,S0306b
S0307,S0307
S0307,S0307-2
S0307,S0307b
S0308,S0308lit
S0308,S0308litb
S0308,S0308med
S0308,S0308medb
S0308,S0308much
S0308,S0308muchb
S0309,S0309
S0310,S0310
S0311,S0311
S0311,S0311-2
S0311,S0311b
S0312,S0312
S0312,S0312b
S0313,S0313
S0313,S0313b
S0314,S0314
S0315,S0315lit
S0315,S0315med
S0315,S0315much
S0316,S0316
S0316,S0316-2
S0316,S0316b
S0317,S0317lit
S0317,S0317med
S0317,S0317much
S0319,S0319
S0320,S0320
S0322,S0322
S0322,S0322b
S0323,S0323
S0323,S0323b
S0324,S0324
S0325,S0325
S0325,S0325lit
S0325,S0325much
S0326,S0326
S0326,S0326-2
S0326,S0326b
S0327,S0327
S0327,S0327b
S0328,S0328
S0328,S0328med
S0328,S0328much
S0329,S0329
S0329,S0329b
S0330,S0330
S0331,S0331
S0332,S0332
S0332,S0332b
S0333,S0333
S0333,S0333-2
S0333,S0333b
S0335,S0335browninput
S0335,S0335lit
S0335,S0335litb
S0335,S0335med
S0335,S0335medb
S0336,S0336
S0336,S0336b
S0337,S0337
S0338,S0338
S0339,S0339
S0339,S0339b
S0340,S0340
S0341,S0341
S0341,S0341-2
S1548,S1548
S0342,S0342
S0342,S0342-2
S0343,S0343
S0343,S0343-2
S0343,S0343b
S0344,S0344
S0344,S0344-2
S0344,S0344b
S0345,S0345
S0345,S0345b
S0346,S0346
S0348,S0348
S0348,S0348-2
S0348,S0348b
S0349,S0349
S0350,S0350
S0351,S0351
S0352,S0352
S0354,S0354
S0355,S0355
S0355,S0355b
S0356,S0356
S0356,S0356b
S0357,S0357
S0358,S0358
S0359,S0359
S0359,S0359b
S0360,S0360
S0361,S0361
S0361,S0361b
S0362,S0362
S0363,S0363
S0363,S0363b
S0364,S0364
S0365,S0365
S0365,S0365-2
S0367,S0367
S0369,S0369
S0369,S0369b
S0371,S0371
S0371,S0371b
S0373,S0373
S0373,S0373b
S0374,S0374
S0375,S0375
S0376,S0376
S0376,S0376b
S0377,S0377
S0377,S0377b
S0379,S0379
S0380,S0380
S0381,S0381
S0383,S0383
S0383,S0383b
S0384,S0384
S0384,S0384b
S0385,S0385
S0387,S0387
S0387,S0387b
S0388,S0388
S0389,S0389
S0391,S0391
S0391,S0391b
S0392,S0392
S0392,S0392b
S0394,S0394
S0394,S0394b
S0395,S0395
S0395,S0395b
S0398,S0398
S0398,S0398-2
S0398,S1541
S0400,S0400
S0400,S0400b
S0401,S0401
S0403,S0403
S0403,S0403-2
S0403,S0403b
S0404,S0404
S0405,S0405
S0405,S0405b
S0407,S0407
S0407,S0407-2
S0407,S0407b
S0408,S0408
S0409,S0409
S0410,S0410
S0411,S0411
S0412,S0412
S0412,S0412-2
S0412,S0412b
S0412,S0412c
S0416,S0416
S0417,S0417
S0417,S0417b
S0419,S0419
S0419,S0419b
S0420,S0420
S0420,S0420-2
S0420,S0420b
S0421,S0421
S0424,S0424
S0424,S0424b
S0426,S0426
S0427,S0427
S0428,S0428
S0428,S0428-2
S0428,S0428b
S0430,S0430
S0430,S0430b
S0431,S0431
S0431,S0431b
S0435,S0435
S0436,S0436
S0436,S0436b
S0438,S0438
S0440,S0440
S0442,S0442
S0442,S0442b
S0443,S0443
S0443,S0443b
S0444,S0444
S0444,S0444b
S0448,S0448-3
S0450,S0450
S0451,S0451
S0451,S0451b
S0453,S0453
S0453,S0453b
S0454,S0454
S0455,S0455
S0455,S0455b
S0456,S0456
S0457,S0457
S0457,S0457b
S0458,S0458
S0458,S0458b
S0460,S0460
S0462,S0462
S0462,S0462b
S0464,S0464
S0464,S0464b
S0467,S0467-3
S0468,S0468
S0468,S0468b
S0469,S0469
S0469,S0469b
S0472,S0472
S0472,S0472POSCON1
S0473,S0473
S0473,S0473b
S0474,S0474
S0475,S0475
S0476,S0476
S0476,S0476b
S0478,S0478
S0478,S0478b
S0479,S0479
S0479,S0479b
S0480,S0480
S0480,S0480b
S0481,S0481
S0481,S0481b
S0485,S0485
S0486,S0486
S0486,S0486b
S0487,S0487
S0488,S0488
S0491,S0491
S0492,S0492
S0492,S0492b
S0494,S0494
S0495,S0495
S0496,S0496
S0497,S0497
S0497,S0497b
S0498,S0498
S0498,S0498b
S0499,S0499-3
S0500,S0500
S0500,S0500b
S0501,S0501
S0502,S0502
S0503,S0503
S0504,S0504
S0506,S0506
S0506,S0506b
S0507,S0507
S0507,S0507b
S0508,S0508
S0508,S0508b
S0509,S0509
S0509,S0509b
S0511,S0511
S0512,S0512
S0512,S0512-2
S0512,S0512b
S0516,S0516
S0517,S0517
S0518,S0518
S0519,S0519
S0519,S1565
S0521,S0521
S0523,S0523
S0527,S0527
S0529,S0529
S0530,S0530
S0530,S0530-2
S0533,S0533
S0533,S0533-2
S0534,S0534
S0534,S0534-2
S0535,S0535
S0536,S0536
S0536,S0536-2
S0537,S0537
S0537,S0537-2
S0538,S0538
S0538,S0538-2
S0540,S0540
S0544,S0544
S0544,S0544b
S0546,S0546
S0546,S0546-2
S0546,S0546b
S0547,S0547
S0548,S0548
S0548,S0548b
S0549,S0549
S0552,S0552
S0552,S0552-2
S0552,S0552b
S0553,S0553
S0554,S0554
S0555,S0555
S0556,S0556
S0557,S0557
S0557,S0557-2
S0557,S0557b
S0558,S0558
S0558,S0558b
S0560,S0560
S0560,S0560b
S0561,S0561
S0562,S0562
S0564,S0564
S0564,S0564-2
S0564,S0564b
S0565,S0565
S0566,S0566
S0566,S0566b
S0567,S0567
S0568,S0568
S0569,S0569
S0569,S0569-2
S0570,S0570
S0572,S0572
S0575,S0575
S0577,S0577
S0577,S0577b
S0578,S0578
S0578,S0578-2
S0578,S0578b
S0579,S0579
S0580,S0580
S0580,S0580b
S0581,S0581
S0583,S0583
S0585,S0585
S0586,S0586
S0586,S0586-2
S0587,S0587
S0588,S0588
S0589,S0589
S0589,S0589-2
S0590,S0590
S0590,S0590b
S0591,S0591
S0592,S0592
S0592,S0592b
S0593,S0593
S0596,S0596
S0597,S0597
S0597,S0597b
S0598,S0598
S0600,S0600
S0600,S0600b
S0601,S0601
S0602,S0602
S0602,S0602-2
S0602,S0602b
S0603,S0603
S0603,S0603b
S0605,S0605
S0607,S0607
S0609,S0609
S0612,S0612
S0613,S0613
S0613,S0613-2
S0613,S0613b
S0613,S1402
S0614,S0614
S0614,S0614b
S0616,S0616
S0616,S0616b
S0617,S0617
S0617,S0617b
S0619,S0619
S0619,S0619b
S0620,S0620
S0620,S0620b
S0622,S0622
S0622,S0622b
S0623,S0623
S0623,S0623b
S0624,S0624
S0628,S0628
S0629,S0629
S0629,S0629-2
S0629,S0629b
S0630,S0630
S0630,S0630-2
S0631,S0631
S0631,S0631b
S0632,S0632
S0633,S0633
S0633,S0633b
S0634,S0634
S0634,S0634b
S0634,S0634c
S0635,S0635
S0637,S0637
S0638,S0638
S0639,S0639
S0639,S0639-2
S0639,S0639b
S0639,S0639c
S0641,S0641
S0642,S0642
S0643,S0643
S0644,S0644
S0644,S0644-2
S0644,S0644b
S0645,S0645
S0645,S0645-2
S0645,S0645b
S0645,S0645c
S0646,S0646
S0646,S0646b
S0647,S0647
S0647,S0647-2
S0649,S0649
S0649,S0649b
S0650,S0650
S0650,S0650-2
S0650,S0650b
S0651,S0651
S0652,S0652
S0653,S0653
S0653,S0653-2
S0654,S0654
S0654,S0654b
S0655,S0655
S0655,S0655-2
S0655,S1486
S0656,S0656
S0656,S0656-2
S0656,S0656b
S0657,S0657
S0657,S0657b
S0657,S0657c
S0657,S0657d
S0658,S0658
S0659,S0659
S0659,S0659b
S0660,S0660
S0660,S0660-2
S0661,S0661
S0661,S0661b
S0662,S0662
S0663,S0663
S0663,S0663b
S0663,S0663c
S0664,S0664
S0666,S0666
S0666,S0666b
S0667,S0667
S0667,S0667b
S0668,S0668
S0669,S0669
S0670,S0670
S0670,S0670b
S0671,S0671
S0671,S0671b
S0672,S0672
S0673,S0673
S0674,S0674
S0674,S0674b
S0675,S0675
S0677,S0677
S0677,S0677b
S0678,S0678
S0678,S0678b
S0680,S0680
S0681,S0681
S0682,S0682
S0683,S0683
S0683,S0683b
S0684,S0684
S0686,S0686
S0686,S0686b
S0687,S0687
S0687,S0687b
S0688,S0688
S0689,S0689
S0690,S0690
S0691,S0691
S0691,S0691b
S0692,S0692
S0698,S0698
S0698,S0698-2
S0698,S0698b
S0699,S0699
S0702,S0702
S0702,S0702b
S0702,S0702c
S0704,S0704
S0706,S0706
S0706,S0706b
S0706,S0706c
S0706,S0706d
S0707,S0707
S0707,S0707-2
S0707,S0707b
S0708,S0708
S0709,S0709
S0709,S0709b
S0710,S0710
S0711,S0711-2
S0713,S0713
S0714,S0714
S0714,S0714b
S0715,S0715
S0716,S0716
S0717,S0717
S0717,S0717b
S0718,S0718
S0719,S0719
S0719,S0719b
S0719,S0719c
S0719,S0719d
S0720,S0720
S0721,S0721
S0721,S0721-2
S0722,S0722
S0723,S0723
S0724,S0724
S0724,S0724-2
S0724,S0724b
S0724,S0724c
S0724,S0724d
S0724,S0724f
S0724,S1466
S0726,S0726
S0726,S0726b
S0727,S0727
S0728,S0728
S0728,S0728-2
S0728,S0728b
S0728,S1479
S0729,S0729
S0729,S0729-2
S0731,S0731
S0731,S0731-2
S0732,S0732
S0732,S0732b
S0733,S0733
S0733,S0733-2
S0734,S0734
S0734,S0734-2
S0735,S0735
S0736,S0736
S0736,S0736-2
S0738,S0738
S0738,S0738-2
S0738,S0738b
S0739,S0739
S0740,S0740
S0740,S0740b
S0741,S0741
S0742,S0742
S0743,S0743
S0743,S0743b
S0744,S0744
S0744,S0744-2
S0744,S0744b
S0744,S0744c
S0745,S0745
S0745,S0745b
S0746,S0746
S0747,S0747
S0747,S0747-2
S0747,S0747b
S0747,S0747c
S0747,S1538
S0748,S0748
S0751,S0751
S0752,S0752
S0752,S0752b
S0753,S0753
S0753,S0753b
S0753,S0753c
S0754,S0754
S0755,S0755
S0755,S0755b
S0755,S0755c
S0756,S0756
S0757,S0757
S0758,S0758
S0758,S0758b
S0759,S0759
S0759,S0759-5
S0760,S0760
S0761,S0761
S0761,S0761-2
S0761,S0761b
S0761,S0761c
S0762,S0762
S0762,S0762-2
S0763,S0763
S0764,S0764
S0765,S0765
S0766,S0766
S0766,S0766b
S0767,S0767
S0768,S0768
S0768,S0768b
S0768,S0768c
S0770,S0770
S0771,S0771
S0772,S0772
S0773,S0773
S0773,S0773b
S0774,S0774
S0774,S0774b
S0775,S0775
S0775,S0775b
S0777,S0777
S0778,S0778
S0779,S0779
S0779,S0779b
S0779,S0779d
S0781,S0781
S0782,S0782
S0782,S0782b
S0783,S0783
S0784,S0784
S0785,S0785
S0785,S0785b
S0786,S0786
S0786,S0786b
S0787,S0787
S0788,S0788
S0789,S0789
S0789,S0789b
S0790,S0790
S0791,S0791
S0791,S0791b
S0791,S0791c
S0791,S0791d
S0792,S0792
S0793,S0793
S0794,S0794
S0795,S0795
S0796,S0796
S0797,S0797
S0797,S0797b
S0797,S0797c
S0797,S0797d
S0798,S0798
S0798,S0798b
S0798,S0798c
S0799,S0799
S0801,S0801
S0801,S0801b
S0804,S0804
S0804,S0804b
S0806,S0806
S0807,S0807
S0809,S0809
S0809,S0809b
S0810,S0810
S0811,S0811
S0813,S0813
S0815,S0815
S0816,S0816
S0816,S0816b
S0817,S0817
S0817,S0817b
S0817,S0817c
S0818,S0818
S0819,S0819
S0820,S0820
S0821,S0821
S0821,S0821b
S0822,S0822
S0822,S0822b
S0823,S0823
S0824,S0824
S0825,S0825
S0825,S0825b
S0825,S0825c
S0827,S0827
S0828,S0828
S0828,S0828b
S0828,S0828c
S0828,S0828d
S0829,S0829
S0831,S0831
S0831,S0831b
S0832,S0832
S0832,S0832b
S0833,S0833
S0833,S0833b
S0834,S0834
S0836,S0836
S0838,S0838
S0838,S0838-2
S0839,S0839
S0839,S0839b
S0839,S0839c
S0840,S0840
S0840,S0840b
S0841,S0841
S0841,S0841b
S0841,S0841c
S0844,S0844
S0845,S0845
S0846,S0846
S0846,S0846b
S0847,S0847
S0848,S0848
S0850,S0850
S0851,S0851
S0852,S0852
S0852,S0852-2
S0855,S0855
S0856,S0856
S0856,S0856-2
S0857,S0857
S0857,S0857b
S0857,S0857c
S0860,S0860
S0861,S0861
S0861,S0861b
S0862,S0862
S0863,S0863
S0863,S0863b
S0863,S0863c
S0864,S0864
S0865,S0865
S0866,S0866
S0866,S0866b
S0867,S0867
S0867,S0867b
S0868,S0868
S0868,S0868-2
S0868,S0868b
S0869,S0869
S0871,S0871
S0874,S0874
S0875,S0875
S0876,S0876
S0876,S0876b
S0877,S0877
S0877,S0877b
S0877,S0877c
S0878,S0878
S0880,S0880
S0881,S0881
S0882,S0882
S0883,S0883
S0884,S0884
S0884,S0884b
S0885,S0885
S0886,S0886
S0887,S0887
S0888,S0888
S0888,S0888b
S0888,S0888c
S0890,S0890
S0892,S0892
S0892,S0892-3
S0892,S0892-4
S0893,S0893
S0894,S0894
S0895,S0895
S0896,S0896
S0897,S0897
S0897,S0897b
S0898,S0898
S0898,S0898b
S0899,S0899
S0899,S0899b
S0899,S0899c
S0900,S0900-3
S0901,S0901
S0901,S0901b
S0902,S0902
S0903,S0903
S0904,S0904
S0906,S0906
S0907,S0907
S0908,S0908
S0909,S0909
S0910,S0910
S0910,S0910b
S0912,S0912
S0912,S0912-2
S0912,S0912b
S0913,S0913
S0914,S0914
S0914,S0914-2
S0914,S0914b
S0915,S0915
S0916,S0916
S0918,S0918
S0919,S0919
S0920,S0920
S0920,S0920b
S0920,S0920c
S0921,S0921
S0922,S0922
S0923,S0923
S0924,S0924
S0925,S0925
S0926,S0926
S0926,S0926b
S0927,S0927
S0928,S0928
S0929,S0929
S0929,S0929b
S0930,S0930
S0930,S0930b
S0931,S0931
S0931,S0931b
S0934,S0934
S0935,S0935
S0935,S0935b
S0936,S0936
S0937,S0937
S0939,S0939
S0939,S0939-2
S0940,S0940
S0941,S0941
S0942,S0942
S0942,S0942b
S0943,S0943
S0944,S0944
S0944,S0944b
S0945,S0945
S0945,S0945b
S0946,S0946
S0946,S0946b
S0946,S0946c
S0947,S0947
S0947,S0947-2
S0947,S0947b
S0947,S1480
S0948,S0948
S0948,S0948b
S0949,S0949
S0949,S0949b
S0951,S0951
S0951,S0951b
S0952,S0952
S0952,S0952b
S0953,S0953
S0953,S0953-2
S0953,S0953b
S0954,S0954
S0955,S0955
S0955,S0955b
S0955,S0955c
S0955,S0955d
S0956,S0956
S0957,S0957
S0957,S0957b
S0957,S0957c
S0959,S0959
S0959,S0959b
S0960,S0960
S0963,S0963
S0963,S0963b
S0963,S0963c
S0964,S0964
S0964,S0964b
S0967,S0967
S0967,S0967b
S0967,S0967c
S0968,S0968
S0968,S0968b
S0968,S0968c
S0969,S0969
S0969,S0969b
S0970,S0970
S0973,S0973
S0974,S0974
S0974,S0974b
S0975,S0975
S0978,S0978
S0978,S0978b
S0978,S0978c
S0979,S0979
S0980,S0980
S0980,S0980b
S0980,S0980c
S0981,S0981
S0981,S0981b
S0984,S0984
S0985,S0985
S0985,S0985-2
S0986,S0986
S0987,S0987
S0988,S0988
S0988,S0988b
S0988,S0988c
S0989,S0989
S0991,S0991
S0992,S0992
S0992,S0992-2
S0993,S0993
S0993,S0993-2
S0994,S0994
S0996,S0996
S0996,S0996-2
S0996,S0996b
S0998,S0998
S1000,S1000
S1000,S1000b
S1001,S1001
S1001,S1001b
S1001,S1001c
S1002,S1002
S1003,S1003
S1004,S1004
S1005,S1005
S1008,S1008
S1008,S1008-2
S1008,S1008b
S1009,S1009
S1009,S1009-2
S1009,S1009b
S1010,S1010
S1011,S1011
S1011,S1011-2
S1013,S1013
S1014,S1014
S1014,S1014b
S1015,S1015
S1015,S1015-2
S1015,S1015b
S1017,S1017
S1017,S1017b
S1018,S1018
S1018,S1018-2
S1019,S1019
S1019,S1019b
S1020,S1020
S1021,S1021
S1021,S1021b
S1022,S1022
S1023,S1023
S1023,S1023b
S1024,S1024
S1024,S1024b
S1025,S1025
S1025,S1025b
S1026,S1026
S1026,S1026b
S1028,S1028
S1028,S1028b
S1029,S1029-2
S1030,S1030-2
S1032,S1032
S1033,S1033
S1033,S1033b
S1034,S1034
S1035,S1035
S1035,S1035b
S1037,S1037
S1037,S1037b
S1038,S1038
S1039,S1039
S1039,S1039b
S1040,S1040
S1042,S1042-2
S1042,S1042-2b
S1043,S1043
S1043,S1043-2
S1043,S1043b
S1043,S1043c
S1044,S1044
S1044,S1044b
S1045,S1045
S1045,S1045b
S1050,S1050
S1050,S1050b
S1052,S1052-2
S1053,S1053-2
S1053,S1483
S1055,S1055
S1056,S1056
S1056,S1056b
S1057,S1057
S1060,S1060
S1061,S1061
S1061,S1061b
S1063,S1063-2
S1064,S1064
S1065,S1065
S1065,S1065-2
S1065,S1065b
S1066,S1066
S1066,S1066b
S1068,S1068
S1068,S1068b
S1069,S1069
S1070,S1070
S1070,S1070b
S1072,S1072
S1073,S1073-2
S1074,S1074
S1074,S1074b
S1076,S1076-2
S1077,S1077
S1078,S1078
S1078,S1078-2
S1078,S1078b
S1080,S1080
S1081,S1081-2
S1082,S1082
S1082,S1082b
S1083,S1083
S1083,S1083b
S1084,S1084-3
S1088,S1088
S1089,S1089
S1089,S1089b
S1091,S1091
S1091,S1091b
S1092,S1092
S1093,S1093-2
S1093,S1487
S1094,S1094
S1095,S1095
S1095,S1095b
S1096,S1096
S1096,S1096b
S1097,S1097
S1098,S1098
S1099,S1099
S1099,S1099b
S1100,S1100
S1101,S1101
S1101,S1101b
S1102,S1102
S1103,S1103
S1103,S1103-2
S1106,S1106-2
S1108,S1108-2
S1108,S1468
S1109,S1109-3
S1110,S1110
S1110,S1110b
S1111,S1111
S1111,S1111b
S1112,S1112
S1112,S1112b
S1113,S1113
S1113,S1113b
S1115,S1115
S1116,S1116
S1116,S1116b
S1117,S1117
S1118,S1118
S1119,S1119
S1120,S1120
S1121,S1121
S1122,S1122
S1123,S1123
S1123,S1123b
S1124,S1124
S1125,S1125
S1126,S1126
S1126,S1126-2
S1127,S1127-3
S1128,S1128
S1129,S1129
S1129,S1129b
S1129,S1129POSCON1
S1129,S1129POSCON2
S1130,S1130
S1131,S1131
S1131,S1131b
S1132,S1132
S1132,S1132b
S1133,S1133
S1133,S1133b
S1134,S1134
S1135,S1135
S1135,S1135b
S1136,S1136
S1136,S1136b
S1137,S1137
S1137,S1137b
S1138,S1138
S1138,S1138-2
S1138,S1138b
S1139,S1139
S1139,S1139-2
S1139,S1139b
S1140,S1140
S1141,S1141
S1142,S1142
S1142,S1142b
S1143,S1143
S1143,S1143-2
S1144,S1144
S1144,S1144b
S1145,S1145
S1145,S1145b
S1146,S1146
S1146,S1146b
S1147,S1147
S1147,S1147b
S1148,S1148
S1149,S1149
S1149,S1149b
S1150,S1150
S1150,S1150b
S1151,S1151
S1151,S1151b
S1152,S1152
S1152,S1152b
S1153,S1153
S1154,S1154
S1155,S1155
S1155,S1155b
S1156,S1156
S1156,S1156-2
S1156,S1156b
S1157,S1157
S1157,S1157b
S1159,S1159
S1159,S1159-2
S1160,S1160
S1163,S1163
S1164,S1164-2
S1166,S1166
S1166,S1166b
S1167,S1167
S1168,S1168
S1168,S1168b
S1169,S1169
S1169,S1169b
S1171,S1171
S1172,S1172
S1173,S1173
S1173,S1173b
S1174,S1174-2
S1175,S1175
S1175,S1175b
S1176,S1176
S1176,S1176b
S1177,S1177
S1178,S1178-2
S1179,S1179
S1180,S1180
S1180,S1180b
S1181,S1181-2
S1182,S1182
S1183,S1183
S1184,S1184
S1185,S1185
S1185,S1185b
S1186,S1186
S1187,S1187
S1187,S1187b
S1187,S1465
S1188,S1188
S1188,S1188b
S1189,S1189
S1191,S1191
S1192,S1192
S1194,S1194
S1194,S1194-2
S1195,S1195
S1196,S1196
S1197,S1197
S1198,S1198
S1199,S1199-2
S1200,S1200-2
S1201,S1201
S1201,S1201-2
S1204,S1204
S1206,S1206
S1206,S1206b
S1207,S1207-2
S1208,S1208
S1208,S1208-2
S1209,S1209
S1210,S1210
S1211,S1211
S1213,S1213
S1214,S1214-2
S1216,S1216
S1216,S1216b
S1217,S1217
S1217,S1217b
S1218,S1218
S1218,S1218b
S1219,S1219
S1219,S1219b
S1220,S1220
S1220,S1220b
S1221,S1221-2
S1222,S1222
S1222,S1222b
S1223,S1223
S1224,S1224
S1224,S1224b
S1226,S1226
S1227,S1227
S1228,S1228
S1228,S1228-2
S1228,S1228b
S1229,S1229-2
S1230,S1230
S1230,S1230b
S1231,S1231
S1231,S1231b
S1232,S1232
S1232,S1232-2
S1232,S1232b
S1232,S1467
S1234,S1234
S1234,S1234b
S1235,S1235
S1235,S1235-2
S1236,S1236
S1237,S1237
S1237,S1237b
S1238,S1238
S1238,S1238-2
S1238,S1238b
S1239,S1239
S1239,S1239b
S1240,S1240
S1240,S1240b
S1241,S1241
S1241,S1241b
S1242,S1242
S1242,S1242b
S1243,S1243
S1243,S1243b
S1244,S1244
S1244,S1244b
S1245,S1245
S1245,S1245b
S1246,S1246
S1247,S1247
S1247,S1247b
S1249,S1249
S1249,S1249b
S1250,S1250
S1250,S1250-2
S1250,S1250b
S1250,S1540
S1251,S1251
S1251,S1251b
S1252,S1252
S1254,S1254
S1254,S1254b
S1255,S1255
S1258,S1258
S1258,S1258-2
S1259,S1259-2
S1260,S1260
S1261,S1261
S1261,S1261b
S1262,S1262
S1262,S1262b
S1265,S1265
S1265,S1265b
S1266,S1266
S1266,S1266-2
S1266,S1266b
S1269,S1269
S1269,S1269b
S1269,S1269c
S1270,S1270
S1270,S1270b
S1271,S1271-3
S1273,S1273
S1274,S1274
S1275,S1275
S1275,S1275b
S1276,S1276
S1276,S1276b
S1277,S1277
S1278,S1278
S1279,S1279
S1280,S1280
S1281,S1281
S1281,S1281-2
S1282,S1282
S1282,S1282b
S1283,S1283-2
S1284,S1284
S1284,S1284b
S1285,S1285
S1286,S1286
S1288,S1288-2
S1289,S1289
S1292,S1292
S1293,S1293
S1294,S1294
S1294,S1294b
S1295,S1295
S1295,S1295b
S1296,S1296
S1297,S1297
S1297,S1297b
S1298,S1298-2
S1299,S1299
S1300,S1300
S1301,S1301
S1302,S1302
S1303,S1303
S1304,S1304
S1305,S1305
S1306,S1306
S1307,S1307
S1307,S1307-2
S1307,S1307b
S1308,S1308
S1309,S1309
S1309,S1309b
S1310,S1310
S1310,S1310b
S1311,S1311
S1311,S1311b
S1312,S1312
S1313,S1313
S1314,S1314
S1314,S1314b
S1315,S1315
S1315,S1315b
S1316,S1316
S1316,S1316-3
S1318,S1318
S1318,S1318-2
S1319,S1319
S1324,S1324
S1325,S1325
S1326,S1326
S1328,S1328
S1328,S1328-2
S1330,S1330
S1331,S1331
S1332,S1332
S1332,S1332b
S1333,S1333
S1334,S1334
S1335,S1335
S1336,S1336
S1337,S1337
S1338,S1338
S1339,S1339
S1340,S1340
S1341,S1341-2
S1342,S1342
S1343,S1343
S1343,S1343b
S1344,S1344
S1344,S1344b
S1345,S1345
S1345,S1345b
S1346,S1346
S1347,S1347
S1347,S1347b
S1348,S1348
S1348,S1348b
S1349,S1349
S1350,S1350
S1351,S1351
S1353,S1353
S1353,S1353b
S1354,S1354
S1354,S1354b
S1357,S1357
S1357,S1357b
S1358,S1358
S1359,S1359
S1359,S1359b
S1360,S1360
S1360,S1360b
S1361,S1361
S1361,S1361b
S1362,S1362
S1363,S1363
S1363,S1363b
S1364,S1364
S1365,S1365
S1365,S1365b
S1366,S1366
S1367,S1367
S1368,S1368
S1368,S1368b
S1369,S1369
S1370,S1370
S1371,S1371
S1374,S1374
S1375,S1375
S1375,S1375b
S1376,S1376
S1377,S1377
S1378,S1378
S1378,S1378b
S1381,S1381
S1382,S1382
S1384,S1384
S1386,S1386
S1386,S1386b
S1387,S1387
S1387,S1387b
S1388,S1388
S1389,S1389
S1389,S1389b
S1396,S1396
S1398,S1398
S1400,S1400
S1401,S1401
S1405,S1405
S1407,S1407
S1408,S1408
S1409,S1409
S1410,S1410
S1411,S1411
S1412,S1412
S1417,S1417
S1419,S1419
S1420,S1420
S1421,S1421
S1422,S1422
S1424,S1424
S1427,S1427-2
S1428,S1428
S1434,S1434
S1442,S1442
S1444,S1444
S1448,S1448
S1449,S1449
S1450,S1450-2
S1451,S1451
S1452,S1452-2
S1453,S1453-2
S1454,S1454
S1455,S1455
S1457,S1457
S1458,S1458
S1459,S1459
S1460,S1460
S1461,S1461
S1461,S1461-3
S1462,S1462
S1464,S1464
S1469,S1469
S1474,S1474
S1475,S1475
S1488,S1488
S1488,S1488-3
S1488,S1488-4
S1493,S1493
S1495,S1495
S1496,S1496
S1497,S1497
S1498,S1498
S1503,S1503
S1504,S1504
S1505,S1505
S1506,S1506
S1508,S1508
S1509,S1509
S1511,S1511
S1515,S1515
S1516,S1516
S1517,S1517
S1519,S1519
S1520,S1520
S1525,S1525-2
S1531,S1531
S1532,S1532
S1533,S1533
S1536,S1536
S1539,S1539
S1542,S1542
S1545,S1545
S0342,S1546
S1549,S1549
S1551,S1551
S1552,S1552
S1552,S1552-3
S1553,S1553
S1554,S1554
S1555,S1555
S1559,S1559
S1561,S1561
S1562,S1562
S1568,S1568-2
S1571,S1571
S1575,S1575
S0302,S1577
S1579,S1579
S1586,S1586
S1591,S1591
S1592,S1592
S1593,S1593
S1594,S1594
S1595,S1595
S1596,S1596
S1597,S1597
S1601,S1601
S1604,S1604
S1615,S1615
S1624,S1624
S1625,S1625
S1630,S1630
S1638,S1638
S1638,S1638-3
S1639,S1639
S1640,S1640
S1641,S1641
S1643,S1643
S1644,S1644
S1644,S1644-3
S1645,S1645
S1646,S1646
S1646,S1646-3
S1647,S1647
S1648,S1648
S1648,S1648-3
S1649,S1649
S1650,S1650
S1651,S1651
S1652,S1652
S1653,S1653
S1654,S1654
S1655,S1655
S1657,S1657
S1658,S1658
S1659,S1659
S1660,S1660
S1661,S1661
S1662,S1662
S1663,S1663
S1664,S1664
S1665,S1665
S1666,S1666
S1666,S1666-3
S1667,S1667
S1667,S1667-2
S1669,S1669
S1670,S1670
S1671,S1671
S1674,S1674
S1675,S1675
S1676,S1676
S1677,S1677
S1678,S1678
S1679,S1679
S1680,S1680
S1681,S1681
S1682,S1682
S1683,S1683
S1684,S1684
S1686,S1686
S1687,S1687
S1688,S1688
S1689,S1689
S1690,S1690
S1691,S1691
S1692,S1692
S1693,S1693
S1695,S1695
S1698,S1698
S1699,S1699
S1700,S1700
S1704,S1704
S1705,S1705
S1705,S1705-3
S1045,S1706
S1707,S1707
S1708,S1708
S1708,S1708-3
S1709,S1709
S1710,S1710
S1712,S1712
S1713,S1713
S1714,S1714
S1715,S1715
S1717,S1717
S1719,S1719
S1720,S1720
S1721,S1721
S1722,S1722
S1723,S1723
S1727,S1727
S1728,S1728
S1729,S1729
S1731,S1731
S1732,S1732
S1735,S1735
S1738,S1738
S1739,S1739
S1740,S1740
S1741,S1741
S1744,S1744
S1747,S1747
S1748,S1748
S1749,S1749
S1750,S1750
S1751,S1751
S1752,S1752
S1753,S1753
S1754,S1754
S1755,S1755
S1765,S1765
S1766,S1766
S1768,S1768
S1769,S1769
S1771,S1771
S1772,S1772
S1773,S1773
S1774,S1774
S1775,S1775
S1776,S1776
S1777,S1777
S1778,S1778
S1779,S1779
S1780,S1780
S1781,S1781
S1782,S1782
S1783,S1783
S1784,S1784
S1785,S1785
S1786,S1786
S1787,S1787
S1788,S1788
S1789,S1789
S1790,S1790
S1791,S1791
S1792,S1792
S1793,S1793
S1794,S1794
S1794,S1794-5
S1795,S1795
S1796,S1796
S1796,S1796-5
S1797,S1797
S1798,S1798
S1799,S1799
S1800,S1800
S1801,S1801
S1802,S1802
S1803,S1803
S1804,S1804
S1805,S1805
S1806,S1806
S1807,S1807
S1808,S1808
S1809,S1809
S1810,S1810
S1811,S1811
S1812,S1812
S1813,S1813
S1814,S1814
S1815,S1815
S1816,S1816
S1817,S1817
S1818,S1818
S1819,S1819
S1820,S1820
S1821,S1821
S1822,S1822
S1823,S1823
S1824,S1824
S1825,S1825
S1826,S1826
S1827,S1827
S1828,S1828
S1829,S1829
S1830,S1830
S1831,S1831
S1832,S1832
S1833,S1833
S1834,S1834
S1835,S1835
S1836,S1836
S1837,S1837
S1838,S1838
S1839,S1839
S1840,S1840
S1841,S1841
S1842,S1842
S1843,S1843
S1844,S1844
S1845,S1845
S1846,S1846
S1847,S1847
S1848,S1848
S1849,S1849
S1850,S1850
S1851,S1851
S1852,S1852
S1853,S1853
S1854,S1854
S1855,S1855
S1856,S1856
S1857,S1857
S1858,S1858
S1859,S1859
S1860,S1860
S1861,S1861
S1862,S1862
S1863,S1863
S1864,S1864
S1865,S1865
S1866,S1866
S1867,S1867
S1868,S1868
S1869,S1869
S1870,S1870
S1871,S1871
S1872,S1872
S1873,S1873
S1874,S1874
S1875,S1875
S1876,S1876
S1877,S1877
S1878,S1878
S1879,S1879
S1880,S1880
S1881,S1881
S1882,S1882
S1883,S1883
S1884,S1884
S1885,S1885
S1886,S1886
S1887,S1887
S1888,S1888
S1889,S1889
S1890,S1890
S1891,S1891
S1892,S1892
S1893,S1893
S1894,S1894
S1895,S1895
S1896,S1896
S1897,S1897
S1898,S1898
S1899,S1899
S1900,S1900
S1901,S1901
S1902,S1902
S1903,S1903
S1904,S1904
S1905,S1905
S1906,S1906
S1907,S1907
S1908,S1908
S1909,S1909
S1910,S1910
S1911,S1911
S1912,S1912
S1913,S1913
S1914,S1914
S1915,S1915
S1916,S1916
S1917,S1917
S1918,S1918
S1919,S1919
S1920,S1920
S1921,S1921
S1922,S1922
S1923,S1923
S1924,S1924
S1925,S1925
S1926,S1926
S1927,S1927
S1928,S1928
S1929,S1929
S1930,S1930
S1931,S1931
S1932,S1932
S1933,S1933
S1934,S1934
S1935,S1935
S1936,S1936
S1937,S1937
S1938,S1938
S1939,S1939
S1940,S1940
S1941,S1941
S1942,S1942
S1943,S1943
S1944,S1944
S1945,S1945
S1946,S1946
S1947,S1947
S1948,S1948
S1949,S1949
S1950,S1950
S1951,S1951
S1952,S1952
S1953,S1953
S1954,S1954
S1955,S1955
S1956,S1956
S1957,S1957
S1958,S1958
S1959,S1959
S1960,S1960
S1961,S1961
S1962,S1962
S1963,S1963
S1963,S1963-5
S1964,S1964
S1966,S1966
S1967,S1967
S1968,S1968
S1969,S1969
S1970,S1970
S1971,S1971
S1972,S1972
S1973,S1973
S1974,S1974
S1975,S1975
S1976,S1976
S1977,S1977
S1977,S1977-5
S1978,S1978
S1979,S1979
S1980,S1980
S1981,S1981
S1982,S1982
S1983,S1983
S1984,S1984
S1985,S1985
S1986,S1986
S1987,S1987
S1988,S1988
S1989,S1989
S1990,S1990
S1991,S1991
S1992,S1992
S1993,S1993
S1994,S1994
S1995,S1995
S1996,S1996
S1997,S1997
S1998,S1998
S1999,S1999
S2000,S2000
S2001,S2001
S2002,S2002
S2003,S2003
S2004,S2004
S2005,S2005
S2006,S2006
S2007,S2007
S2008,S2008
S2009,S2009
S2010,S2010
S2011,S2011
S2012,S2012
S2013,S2013
S2014,S2014
S2015,S2015
S2016,S2016
S2017,S2017
S2018,S2018
S2019,S2019
S2020,S2020
S2021,S2021
S2022,S2022
S2023,S2023
S2024,S2024
S2025,S2025
S2026,S2026
S2027,S2027
S2028,S2028
S2029,S2029
S2030,S2030
S2031,S2031
S2032,S2032
S2033,S2033
S2034,S2034
S2035,S2035
S2036,S2036
S2037,S2037
S2038,S2038
S2039,S2039
S2040,S2040
S2041,S2041
S2042,S2042
S2043,S2043
S2044,S2044
S2045,S2045
S2046,S2046
S2047,S2047
S2048,S2048
S2049,S2049
S2050,S2050
S2051,S2051
S2052,S2052
S2053,S2053
S2054,S2054
S2055,S2055
S2056,S2056
S2057,S2057
S2058,S2058
S2059,S2059
S2060,S2060
S2061,S2061
S2062,S2062
S2063,S2063
S2064,S2064
S2065,S2065
S2066,S2066
S2067,S2067
S2068,S2068
S2069,S2069
S2070,S2070
S2071,S2071
S2072,S2072
S2073,S2073
S2074,S2074
S2075,S2075
S2076,S2076
S2077,S2077
S2078,S2078
S2079,S2079
S2080,S2080
S2081,S2081
S2082,S2082
S2083,S2083
S2084,S2084
S2085,S2085
S2086,S2086
S2087,S2087
S2088,S2088
S2089,S2089
S2090,S2090
S2091,S2091
S2092,S2092
S2093,S2093
S2094,S2094
S2095,S2095
S2096,S2096
S2097,S2097
S2098,S2098
S2099,S2099
S2100,S2100
S2101,S2101
S2102,S2102
S2103,S2103
S2104,S2104
S2105,S2105
S2106,S2106
S2107,S2107
S2108,S2108
S2109,S2109
S2110,S2110
S2111,S2111
S2112,S2112
S2113,S2113
S2114,S2114
S2115,S2115
S2116,S2116
S2117,S2117
S2118,S2118
S2119,S2119
S2120,S2120
S2121,S2121
S2122,S2122
S2123,S2123
S2124,S2124
S2125,S2125
S2126,S2126
S2127,S2127
S2128,S2128
S2129,S2129
S2130,S2130
S2131,S2131
S2132,S2132
S2133,S2133
S2134,S2134
S2135,S2135
SRR11470309,SRR11470309
SRR11470310,SRR11470310
SRR11470311,SRR11470311
SRR11470312,SRR11470312
SRR11470313,SRR11470313
SRR11470314,SRR11470314
SRR11470315,SRR11470315
SRR11470316,SRR11470316
SRR11470317,SRR11470317
SRR11470318,SRR11470318
SRR11470319,SRR11470319
SRR11470320,SRR11470320
SRR11470321,SRR11470321
SRR11470322,SRR11470322
SRR11470323,SRR11470323
SRR11470324,SRR11470324
SRR11470325,SRR11470325
SRR11470326,SRR11470326
SRR6441723,SRR6441723
SRR8528336,SRR8528336
SRR8528337,SRR8528337
SRR8528338,SRR8528338
SRR8528339,SRR8528339
SRR8528340,SRR8528340
SRR8528341,SRR8528341
SRR8528342,SRR8528342
SRR8528343,SRR8528343
SRR8528344,SRR8528344
SRR8528345,SRR8528345
SRR8528346,SRR8528346
SRR8528347,SRR8528347
SRR8528348,SRR8528348
SRR8528349,SRR8528349
SRR8528350,SRR8528350
SRR8528351,SRR8528351
SRR8528352,SRR8528352
SRR8528353,SRR8528353
SRR8528354,SRR8528354
SRR8528355,SRR8528355
SRR8528356,SRR8528356
SRR8528357,SRR8528357
SRR8528358,SRR8528358
SRR8528359,SRR8528359
SRR8528360,SRR8528360
SRR8528361,SRR8528361
SRR8528362,SRR8528362
SRR8528363,SRR8528363
SRR8528364,SRR8528364
SRR8528365,SRR8528365
SRR8528366,SRR8528366
SRR8528367,SRR8528367
SRR8528368,SRR8528368
SRR8528369,SRR8528369
SRR8528370,SRR8528370
SRR8528371,SRR8528371
SRR8528372,SRR8528372
SRR8528373,SRR8528373
SRR8528374,SRR8528374
SRR8528375,SRR8528375
SRR8528376,SRR8528376
SRR8528377,SRR8528377
SRR8528378,SRR8528378
SRR8528379,SRR8528379
SRR8528380,SRR8528380
SRR8528381,SRR8528381
SRR8528382,SRR8528382
SRR8528383,SRR8528383
SRR8528384,SRR8528384
SRR8528385,SRR8528385
SRR8528386,SRR8528386
SRR8528387,SRR8528387
SRR8528388,SRR8528388
SRR8528389,SRR8528389
SRR8528390,SRR8528390
SRR8528391,SRR8528391
SRR8528392,SRR8528392
SRR8528393,SRR8528393
SRR8528394,SRR8528394
SRR8528395,SRR8528395
SRR8528396,SRR8528396
SRR8528397,SRR8528397
SRR8528398,SRR8528398
SRR8528399,SRR8528399
SRR8528400,SRR8528400
W2055,W2055
W4485,W4485
W4501,W4501
W4526,W4526
S0889,S0889
S0889,S0889-2
S1507,S1507
S1507,S1507-2
S1212,S1212-2
S1212,S1212-3
S2136,S2136
S2137,S2137
S2138,S2138
S2139,S2139
S2140,S2140
S2141,S2141
S2142,S2142
S2143,S2143
S2144,S2144
S2145,S2145
S2146,S2146
S2147,S2147
S2148,S2148
S2149,S2149
S2150,S2150
S2151,S2151
S2152,S2152
S2153,S2153
S2154,S2154
S2155,S2155
S2156,S2156
S2157,S2157
S2158,S2158
S2159,S2159
S2160,S2160
S2161,S2161
S2162,S2162
S2163,S2163
S2164,S2164
S2165,S2165
S2166,S2166
S2167,S2167
S2168,S2168
S2169,S2169
S2170,S2170
S2171,S2171
S2172,S2172
S2173,S2173
S2174,S2174
S2175,S2175
S2176,S2176
S2177,S2177
S2178,S2178
S2179,S2179
S2180,S2180
S2181,S2181
S2182,S2182
S2183,S2183
S2184,S2184
S2185,S2185
S2186,S2186
S2187,S2187
S2188,S2188
S2189,S2189
S2190,S2190
S2191,S2191
S2192,S2192
S2193,S2193
S2194,S2194
S2195,S2195
S2196,S2196
S2197,S2197
S2198,S2198
S2199,S2199
S2200,S2200
S2201,S2201
S2202,S2202
S2203,S2203
S2204,S2204
S2205,S2205
S2206,S2206
S2207,S2207
S2208,S2208
S2209,S2209
S2210,S2210
S2211,S2211
S2212,S2212
S2213,S2213
S2214,S2214
S2215,S2215
S2216,S2216
S2217,S2217
S2218,S2218
S2219,S2219
S2220,S2220
S2221,S2221
S2222,S2222
S2223,S2223
S2224,S2224
S2225,S2225
S2226,S2226
S2227,S2227
S2228,S2228
S2229,S2229
S2230,S2230
S2231,S2231
S2232,S2232
S2233,S2233
S2234,S2234
S2235,S2235
S2236,S2236
S2237,S2237
S2238,S2238
S2239,S2239
S2240,S2240
S2241,S2241
S2242,S2242
S2243,S2243
S2244,S2244
S2245,S2245
S2246,S2246
S2247,S2247
S2248,S2248
S2249,S2249
S2250,S2250
S2251,S2251
S2252,S2252
S2253,S2253
S2254,S2254
S2255,S2255
S2256,S2256
S2257,S2257
S2258,S2258
S2259,S2259
S2260,S2260
S2261,S2261
S2262,S2262
S2263,S2263
S2264,S2264
S2265,S2265
S2266,S2266
S2267,S2267
S2268,S2268
S2269,S2269
S2270,S2270
S2271,S2271
S2272,S2272
S2273,S2273
S2274,S2274
S2275,S2275
S2276,S2276
S2277,S2277
S2278,S2278
S2279,S2279
S2280,S2280
S2281,S2281
S2282,S2282
S2283,S2283
S2284,S2284
S2285,S2285
S2286,S2286
S2287,S2287
S2288,S2288
S2289,S2289
S2290,S2290
S2291,S2291
S2292,S2292
S2293,S2293
S2294,S2294
S2295,S2295
S2296,S2296
S2297,S2297
S2298,S2298
S2299,S2299
S2300,S2300
S2301,S2301
S2302,S2302
S2303,S2303
S2304,S2304
S2305,S2305
S2306,S2306
S2307,S2307
S2308,S2308
S2309,S2309
S2310,S2310
S2311,S2311
S2312,S2312
S2313,S2313
S2314,S2314
S2315,S2315
S2316,S2316
S2317,S2317
S2318,S2318
S2319,S2319
S2320,S2320
S2321,S2321
S2322,S2322
S2323,S2323
S2324,S2324
S2325,S2325
S2326,S2326
S2327,S2327
S2328,S2328
S2329,S2329
S2330,S2330
S2331,S2331
S2331,S2331-5
S2332,S2332
S2333,S2333
S2334,S2334
S2335,S2335
S2336,S2336
S2337,S2337
S2338,S2338
S2339,S2339
S2340,S2340
S2341,S2341
S2342,S2342
S2343,S2343
S2344,S2344
S2345,S2345
S2346,S2346
S2347,S2347
S2348,S2348
S2349,S2349
S2350,S2350
S2351,S2351
S2352,S2352
S2353,S2353
S2354,S2354
S2355,S2355
S2356,S2356
S2357,S2357
S2358,S2358
S2359,S2359
S2360,S2360
S2361,S2361
S2362,S2362
S2363,S2363
S2364,S2364
S2365,S2365
S2366,S2366
S2367,S2367
S2368,S2368
S2369,S2369
S2370,S2370
S2371,S2371
S2372,S2372
S2373,S2373
S2374,S2374
S2375,S2375
S2376,S2376
S2377,S2377
S2378,S2378
S2379,S2379
S2380,S2380
S2381,S2381
S2382,S2382
S2383,S2383
S2384,S2384
S2385,S2385
S2386,S2386
S2387,S2387
S2388,S2388
S2389,S2389
S2390,S2390
S2391,S2391
S2392,S2392
S2393,S2393
S2394,S2394
S2395,S2395
S2396,S2396
S2397,S2397
S2398,S2398
S2399,S2399
S2400,S2400
S2401,S2401
S2402,S2402
S2403,S2403
S2404,S2404
S2405,S2405
S2406,S2406
S2407,S2407
S2408,S2408
S2409,S2409
S2410,S2410
S2411,S2411
S2412,S2412
S2413,S2413
S2414,S2414
S2415,S2415
S2416,S2416
S2417,S2417
S2418,S2418
S2419,S2419
S2420,S2420
S2421,S2421
S2422,S2422
S2423,S2423
S2424,S2424
S2425,S2425
S2426,S2426
S2427,S2427
S2428,S2428
S2429,S2429
S2430,S2430
S2431,S2431
S2432,S2432
S2433,S2433
S2434,S2434
S2435,S2435
S2436,S2436
S2437,S2437
S2438,S2438
S2439,S2439
S2440,S2440
S2441,S2441
S2442,S2442
S2443,S2443
S2444,S2444
S2445,S2445
S2446,S2446
S2447,S2447
S2448,S2448
S2449,S2449
S2450,S2450
S2451,S2451
S2452,S2452
S2453,S2453
S2454,S2454
S2455,S2455
S2456,S2456
S2457,S2457
S2458,S2458
S2459,S2459
S2460,S2460
S2461,S2461
S2462,S2462
S2463,S2463
S2464,S2464
S2465,S2465
S2466,S2466
S2467,S2467
S2468,S2468
S2469,S2469
S2470,S2470
S2471,S2471
S2472,S2472
S2473,S2473
S2474,S2474
S2475,S2475
S2476,S2476
S2477,S2477
S2478,S2478
S2479,S2479
S2480,S2480
S2481,S2481
S2482,S2482
S2483,S2483
S2484,S2484
S2485,S2485
S2486,S2486
S2487,S2487
S2488,S2488
S2489,S2489
S2490,S2490
S2491,S2491
S2492,S2492
S2493,S2493
S2494,S2494
S2495,S2495
S2496,S2496
S2497,S2497
S2498,S2498
S2499,S2499
S2500,S2500
S2501,S2501
S2502,S2502
S2503,S2503
S2504,S2504
S2505,S2505
S2506,S2506
S2507,S2507
S2508,S2508
S2509,S2509
S2510,S2510
S2511,S2511
S2512,S2512
MW0567557,MW0567557
R0158.2,R0158.2
R0159.1,R0159.1
R0275,R0275_1
R0275,R0275_2
R0388,R0388
ESK21-356,ESK21-356
E_altaicum,E_altaicum
E_baimashanicum,E_baimashanicum
E_bouffordii,E_bouffordii
E_bulbiferum,E_bulbiferum
E_deltoideum,E_deltoideum
E_fontanum,E_fontanum
E_giganteum,E_giganteum
E_grandiflorum,E_grandiflorum
E_heterophyllum,E_heterophyllum
E_hookeri,E_hookeri
E_integrifolium,E_integrifolium
E_japonicum,E_japonicum
E_omeiensis,E_omeiensis
E_racemosum,E_racemosum
E_renifolium,E_renifolium
E_robustum,E_robustum
E_salsugineum,E_salsugineum
E_schulzii,E_schulzii
E_sherriffii,E_sherriffii
E_tianshanense,E_tianshanense
E_tibeticum,E_tibeticum
E_verticillatum,E_verticillatum
E_violifolium,E_violifolium
E_wuchengyii,E_wuchengyii
E_xingshanensis,E_xingshanensis
E_yungshunensis,E_yungshunensis
E_yunnanense,E_yunnanense
SRR10298323,SRR10298323
S2513,S2513
S2514,S2514
S2515,S2515
S2516,S2516
S2517,S2517
S2518,S2518
S2519,S2519
S2520,S2520
S2521,S2521
S2522,S2522
S2523,S2523
S2524,S2524
S2525,S2525
S2526,S2526
S2527,S2527
S2528,S2528
S2529,S2529
S2530,S2530
S2531,S2531
S2532,S2532
S2533,S2533
S2534,S2534
S2535,S2535
S2536,S2536
S2537,S2537
S2538,S2538
S2539,S2539
S2540,S2540
S2541,S2541
S2542,S2542
S2543,S2543
S2544,S2544
S2545,S2545
S2546,S2546
S2547,S2547
S2548,S2548
S2549,S2549
S2550,S2550
S2551,S2551
S2552,S2552
S2553,S2553
S2554,S2554
S2555,S2555
S2556,S2556
S2557,S2557
S2558,S2558
S2559,S2559
S2560,S2560
S2561,S2561
S2562,S2562
S2563,S2563
S2564,S2564
S2565,S2565
S2566,S2566
S2567,S2567
S2568,S2568
S2569,S2569
S2570,S2570
S2571,S2571
S2572,S2572
S2573,S2573
S2574,S2574
S2575,S2575
S2576,S2576
S2577,S2577
S2578,S2578
S2579,S2579
S2580,S2580
S2581,S2581
S2582,S2582
S2583,S2583
S2584,S2584
S2585,S2585
S2586,S2586
S2587,S2587
S2588,S2588
S2589,S2589
S2590,S2590
S2591,S2591
S2592,S2592
S2593,S2593
S2594,S2594
S2595,S2595
S2596,S2596
S2597,S2597
S2598,S2598
S2599,S2599
S2600,S2600
S2601,S2601
S2602,S2602
S2603,S2603
S2604,S2604
S2605,S2605
S2606,S2606
S2607,S2607
S2613,S2613
S2615,S2615
S2608,S2608
S2609,S2609
S2610,S2610
S2611,S2611
S2612,S2612
S2614,S2614
S2616,S2616
S2617,S2617
S2618,S2618
S2619,S2619
S2625,S2625
S2629,S2629
S2620,S2620
S2621,S2621
S2622,S2622
S2623,S2623
S2624,S2624
S2626,S2626
S2627,S2627
S2628,S2628
S2630,S2630
S2631,S2631
S2632,S2632
S2633,S2633
S2634,S2634
S2635,S2635
S2636,S2636
S2637,S2637
S2638,S2638
S2639,S2639
S2640,S2640
S2641,S2641
S2642,S2642
S2643,S2643
S2644,S2644
S2645,S2645
S2646,S2646
S2647,S2647
S2648,S2648
S2649,S2649
S2650,S2650
S2651,S2651
S2652,S2652
S2653,S2653
S2654,S2654
S2655,S2655
S2656,S2656
S2657,S2657
S2658,S2658
S2659,S2659
S2660,S2660
S2661,S2661
S2662,S2662
S2663,S2663
S2664,S2664
S2665,S2665
S2666,S2666
S2667,S2667
S2668,S2668
S2669,S2669
S2670,S2670
S2671,S2671
S2672,S2672
S2673,S2673
S2674,S2674
S2675,S2675
S2676,S2676
S2677,S2677
S2678,S2678
S2679,S2679
S2680,S2680
S2681,S2681
S2682,S2682
S2683,S2683
S2684,S2684
S2685,S2685
S2686,S2686
S2687,S2687
S2688,S2688
S2689,S2689
S2690,S2690
S2691,S2691
S2692,S2692
S2693,S2693
S2694,S2694
S2695,S2695
S2696,S2696
S2697,S2697
S2698,S2698
S2699,S2699
S2700,S2700
S2701,S2701
S2702,S2702
S2703,S2703
S2704,S2704
S2705,S2705
S2706,S2706
S2707,S2707
S2708,S2708
S2709,S2709
S2710,S2710
S2711,S2711
S2712,S2712
S2713,S2713
S2714,S2714
S2715,S2715
S2716,S2716
S2717,S2717
S2718,S2718
S2719,S2719
S2720,S2720
S2721,S2721
S2722,S2722
S2723,S2723
S2724,S2724
S2725,S2725
S2726,S2726
S2727,S2727
S2728,S2728
S2729,S2729
S2730,S2730
S2731,S2731
S2732,S2732
S2733,S2733
S2734,S2734
S2735,S2735
S2736,S2736
S2737,S2737
S2738,S2738
S2739,S2739
S2740,S2740
S2741,S2741
S2742,S2742
S2743,S2743
S2744,S2744
S2745,S2745
S2746,S2746
S2747,S2747
S2748,S2748
S2749,S2749
S2750,S2750
S2751,S2751
S2752,S2752
S2753,S2753
S2754,S2754
S2755,S2755
S2756,S2756
S2757,S2757
S2758,S2758
S2759,S2759
S2760,S2760
S2761,S2761
S2762,S2762
S2763,S2763
S2764,S2764
S2765,S2765
S2766,S2766
S2767,S2767
S2768,S2768
S2769,S2769
S2770,S2770
S2771,S2771
S2772,S2772
S2773,S2773
S2774,S2774
S2775,S2775
S2776,S2776
S2777,S2777
S2778,S2778
S2779,S2779
S2780,S2780
S2781,S2781
S2782,S2782
S2783,S2783
S2784,S2784
S2785,S2785
S2786,S2786
S2787,S2787
S2788,S2788
S2789,S2789
S2790,S2790
S2791,S2791
S2792,S2792
S2793,S2793
S2794,S2794
S2795,S2795
S2796,S2796
S2797,S2797
S2798,S2798
S2799,S2799
S2800,S2800
S2801,S2801
S2802,S2802
S2803,S2803
S2804,S2804
S2805,S2805
S2806,S2806
S2807,S2807
S2808,S2808
S2809,S2809
S2810,S2810
S2811,S2811
S2812,S2812
S2813,S2813
S2814,S2814
S2815,S2815
S2816,S2816
S2817,S2817
S2818,S2818
S2819,S2819
S2820,S2820
S2821,S2821
S2822,S2822
S2823,S2823
S2824,S2824
S2825,S2825
S2826,S2826
S2827,S2827
S2828,S2828
S2829,S2829
S2830,S2830
S2831,S2831
S2832,S2832
S2833,S2833
S2834,S2834
S2835,S2835
S2836,S2836
S2837,S2837
S2838,S2838
S2839,S2839
S2840,S2840
S2841,S2841
S2842,S2842
S2843,S2843
S2844,S2844
S2850,S2850
S2845,S2845
S2846,S2846
S2847,S2847
S2848,S2848
S2849,S2849
S2851,S2851
S2852,S2852
S2853,S2853
S2854,S2854
S2855,S2855
S2856,S2856
S2857,S2857
S2858,S2858
S2859,S2859
S2860,S2860
S2861,S2861
S2862,S2862
S2863,S2863
S2864,S2864
S2865,S2865
S2866,S2866
S2867,S2867
S2868,S2868
S2869,S2869
S2870,S2870
S2871,S2871
S2872,S2872
S2873,S2873
S2874,S2874
S2875,S2875
S2876,S2876
S2877,S2877
S2878,S2878
S2879,S2879
S2880,S2880
S2881,S2881
S2882,S2882
S0449,S0449-5
S1463,S1463
S1463,S1463-5
S1472,S1472
S1472,S1472-3
S1472,S1472-5
S1965,S1965-5
S2893,S2893
S2894,S2894
S2895,S2895
S2896,S2896
S2897,S2897
S2898,S2898
S2899,S2899
S2900,S2900
S2901,S2901
S2902,S2902
S2903,S2903
S2904,S2904
S2905,S2905
S2906,S2906
S2907,S2907
S2908,S2908
S2909,S2909
S2910,S2910
S2911,S2911
S2912,S2912
S2913,S2913
S2914,S2914
S2915,S2915
S2916,S2916
S2917,S2917
S2918,S2918
S2919,S2919
S2920,S2920
S2921,S2921
S2922,S2922
S2923,S2923
S2924,S2924
S2925,S2925
S2926,S2926
S2927,S2927
S2928,S2928
S2929,S2929
S2930,S2930
S2931,S2931
S2932,S2932
S2933,S2933
S2934,S2934
S2935,S2935
S2936,S2936
S2937,S2937
S2938,S2938
S2939,S2939
S2940,S2940
S2941,S2941
S2942,S2942
S2943,S2943
S2944,S2944
S2945,S2945
S2946,S2946
S2947,S2947
S2948,S2948
S2949,S2949
S2950,S2950
S2951,S2951
S2952,S2952
S2953,S2953
S2954,S2954
S2955,S2955
S2956,S2956
S2957,S2957
S2958,S2958
S2959,S2959
S2960,S2960
S2961,S2961
S2962,S2962
S2963,S2963
S2964,S2964
S2965,S2965
S2966,S2966
S2967,S2967
S2968,S2968
S2969,S2969
S2970,S2970
S2971,S2971
S2972,S2972
S2973,S2973
S2974,S2974
S2975,S2975
S2976,S2976
S2977,S2977
S2978,S2978
S2979,S2979
S2980,S2980
S2981,S2981
S2982,S2982
S2983,S2983
S2984,S2984
S2985,S2985
S2986,S2986
S2987,S2987
S2988,S2988
S2989,S2989
S2990,S2990
S2991,S2991
S2992,S2992
S2993,S2993
S2994,S2994
S2995,S2995
S2996,S2996
S2997,S2997
S2998,S2998
S2999,S2999
S3000,S3000
S3001,S3001
S3002,S3002
S3003,S3003
S3004,S3004
S3005,S3005
S3006,S3006
S3007,S3007
S3008,S3008
S3009,S3009
S3010,S3010
S3011,S3011
S3012,S3012
S3013,S3013
S3014,S3014
S3015,S3015
S3016,S3016
S3017,S3017
S3018,S3018
S3019,S3019
S3020,S3020
S3021,S3021
S3022,S3022
S3023,S3023
S3024,S3024
S3025,S3025
S3026,S3026
S3027,S3027
S3028,S3028
S3029,S3029
S3030,S3030
S3031,S3031
S3032,S3032
S3033,S3033
S3034,S3034
S3035,S3035
S3036,S3036
S3037,S3037
S3038,S3038
S3039,S3039
S3040,S3040
S3041,S3041
S3042,S3042
S3043,S3043
S3044,S3044
S3045,S3045
S3046,S3046
S3047,S3047
S3048,S3048
S3049,S3049
S3050,S3050
S3051,S3051
S3052,S3052
S3053,S3053
S3054,S3054
S3055,S3055
S3056,S3056
S3057,S3057
S3058,S3058
S3059,S3059
S3060,S3060
S3061,S3061
S3062,S3062
S3063,S3063
S3064,S3064
S3065,S3065
S3066,S3066
S3067,S3067
S3068,S3068
S3069,S3069
S3070,S3070
S3071,S3071
S3072,S3072
S3073,S3073
S3074,S3074
S3075,S3075
S3076,S3076
S3077,S3077
S3078,S3078
S3079,S3079
S3080,S3080
S3081,S3081
S3082,S3082
S3083,S3083
S3084,S3084
S3085,S3085
S3086,S3086
S3087,S3087
S3088,S3088
S3089,S3089
S3090,S3090
S3091,S3091
S3092,S3092
S3093,S3093
S3094,S3094
S3095,S3095
S3096,S3096
S3097,S3097
S3098,S3098
S3099,S3099
S3100,S3100
S3101,S3101
S3102,S3102
S3103,S3103
S3104,S3104
S3105,S3105
S3106,S3106
S3107,S3107
S3108,S3108
S3109,S3109
S3110,S3110
S3111,S3111
S3112,S3112
S3113,S3113
S3114,S3114
S3115,S3115
S3116,S3116
S3117,S3117
S3118,S3118
S3119,S3119
S3120,S3120
S3121,S3121
S3122,S3122
S3123,S3123
S3124,S3124
S3125,S3125
S3126,S3126
S3127,S3127
S3128,S3128
S3129,S3129
S3130,S3130
S3131,S3131
S3132,S3132
S3133,S3133
S3134,S3134
S3135,S3135
S3136,S3136
S3137,S3137
S3138,S3138
S3139,S3139
S3140,S3140
S3141,S3141
S3142,S3142
S3143,S3143
S3144,S3144
S3145,S3145
S3146,S3146
S3147,S3147
S3148,S3148
S3149,S3149
S3150,S3150
S3151,S3151
S3152,S3152
S3153,S3153
S3154,S3154
S3155,S3155
S3156,S3156
S3157,S3157
S3158,S3158
S3159,S3159
S3160,S3160
S3161,S3161
S3162,S3162
S3163,S3163
S3164,S3164
S3165,S3165
S3166,S3166
S3167,S3167
S3168,S3168
S3169,S3169
S3170,S3170
S3171,S3171
S3172,S3172
S3173,S3173
S3174,S3174
S3175,S3175
S3176,S3176
S3177,S3177
S3178,S3178
S3179,S3179
S3180,S3180
S3181,S3181
S3182,S3182
S3183,S3183
S3184,S3184
S3185,S3185
S3186,S3186
S3187,S3187
S3188,S3188
S3189,S3189
S3190,S3190
S3191,S3191
S3192,S3192
S3193,S3193
S3194,S3194
S3195,S3195
S3196,S3196
S3197,S3197
S3198,S3198
S3199,S3199
S3200,S3200
S3201,S3201
S3202,S3202
S3203,S3203
S3204,S3204
S3205,S3205
S3206,S3206
S3207,S3207
S3208,S3208
S3209,S3209
S3210,S3210
S3211,S3211
S3212,S3212
S3213,S3213
S3214,S3214
S3215,S3215
S3216,S3216
S3217,S3217
S3218,S3218
S3219,S3219
S3220,S3220
S3221,S3221
S3222,S3222
S3223,S3223
S3224,S3224
S3225,S3225
S3226,S3226
S3227,S3227
S3228,S3228
S3229,S3229
S3230,S3230
S3231,S3231
S3232,S3232
S3233,S3233
S3234,S3234
S3235,S3235
S3236,S3236
S3237,S3237
S3238,S3238
S3239,S3239
S3240,S3240
S3241,S3241
S3242,S3242
S3243,S3243
S3244,S3244
S3245,S3245
S3246,S3246
S3247,S3247
S3248,S3248
S3249,S3249
S3250,S3250
S3251,S3251
S3252,S3252
S3253,S3253
S3254,S3254
S3255,S3255
S3256,S3256
S3257,S3257
S3258,S3258
S3259,S3259
S3260,S3260
S3261,S3261
S3262,S3262
S3263,S3263
S3264,S3264
S3265,S3265
S3266,S3266
S3267,S3267
S3268,S3268
S3269,S3269
S3270,S3270
S3271,S3271
S3272,S3272
