sample	paralogs_each_hybphaser	paralogs_each_hybpiper	paralogs_each_union
SRR24128551	0	806	806
S2764	15	768	768
S1957	7	759	759
23R64	95	738	755
23R12	1	703	703
S0346	22	692	693
S1774	8	682	683
S1792	11	676	678
S2425	17	664	669
S0295	18	650	654
S0497	6	653	653
S1772	6	650	651
S1109	13	644	647
S3262	10	644	645
S1497	30	638	644
S0650	6	642	643
S3214	10	639	639
S0908	14	634	635
S2756	18	633	634
HEID8003238	7	632	633
S1096	19	628	632
S0279	15	625	628
S2544	14	624	626
S0782	4	626	626
S3238	15	621	623
S1698	16	620	620
S1771	19	617	619
S0435	12	616	618
S4029	24	609	612
S3164	5	611	611
S3250	13	608	610
S2155	8	608	610
S2514	19	605	607
S2208	14	604	607
S4165	12	603	605
S0910	6	601	602
S4005	21	597	600
S2760	12	596	597
S0886	18	592	595
S2126	2	595	595
S1783	18	592	594
S1271	9	592	594
S1407	25	588	592
S0754	17	586	591
S2963	13	586	588
S1081	11	583	587
S1793	9	584	584
S1400	15	582	582
S2901	23	576	581
S2403	21	571	579
S3421	19	575	579
S2640	15	575	579
S3175	12	575	578
S1799	25	572	577
S4132	14	573	577
S2458	9	577	577
S2904	20	570	574
S2751	8	573	574
S2739	7	571	574
S2404	18	563	572
S0556	14	569	572
HEID501419	13	564	568
S3981	16	563	567
S3178	10	566	567
S2542	9	566	566
S2203	19	562	565
HEID8010304	7	563	564
S2614	25	558	562
S3131	6	559	561
S1811	8	559	559
S0411	19	554	556
S3167	13	556	556
S1111	12	554	555
S3194	16	549	554
S3360	21	548	552
S2483	16	551	552
S1740	8	551	552
S1099	18	545	550
S4282	26	539	549
S2557	16	547	549
S0783	8	548	549
S2469	10	544	547
S1464	18	543	546
S3275	11	545	546
S4343	52	528	544
SRR495203	24	539	544
S0521	19	542	544
S4021	10	539	542
S3922	24	536	541
S2105	14	538	541
S1072	17	534	537
S2902	9	537	537
S3271	19	532	536
S3213	11	534	536
S1453	7	534	534
S1159	20	531	533
S3855	6	533	533
HEID8009274	7	530	532
S3173	6	530	532
S1228	3	531	531
S1844	12	528	530
S2162	10	528	530
S2062	6	529	530
S1731	10	526	529
S3967	19	526	527
S1002	17	522	527
S1341	61	504	523
S0841	8	521	523
S1858	16	519	522
S2529	15	518	519
HEID8010066	10	515	518
S0389	23	507	515
S4324	6	513	515
S1787	23	509	514
HEID8010234	5	513	514
S2536	3	514	514
S3177	8	512	513
S3978	12	511	512
S3287	14	508	511
S0810	14	507	510
S2357	14	506	509
S0819	11	505	509
S3992	10	507	509
S2691	16	500	507
S3259	13	505	507
S1813	9	505	506
S2634	19	498	504
S2551	14	502	504
S3278	8	502	502
S4378	26	496	499
S3237	10	497	497
S1780	9	496	497
S3024	6	497	497
S0410	11	496	496
S2167	23	486	493
S1753	24	489	492
S3853	11	490	491
S3010	23	484	490
S3980	11	490	490
S1782	7	486	490
S0751	6	489	490
S3419	12	485	489
SRR2050307	2	489	489
S1790	18	481	487
S3101	14	484	487
S3186	8	485	486
S4001	8	485	486
S3915	4	484	485
S2109	2	484	485
S2576	21	475	482
S1825	19	479	482
S3950	10	480	481
S3211	7	480	480
S0909	14	477	479
S2708	13	475	479
S1842	9	476	479
S1855	11	477	478
S3537	21	470	477
S4152	6	475	477
S1846	4	476	476
S3203	9	474	475
S3165	15	470	474
S1440	27	466	473
HEID8008794	5	473	473
23R40	0	469	469
S3160	12	465	467
S2955	12	462	466
S1923	11	464	466
S3147	6	466	466
SRR14870005	23	458	463
S0722	0	463	463
S2533	28	449	459
S1778	18	455	459
S1802	17	452	456
S2144	8	452	455
S2228	7	454	455
S1070	24	448	454
S1209	11	453	454
HEID8010305	5	454	454
S1786	13	448	453
S1814	12	450	453
S0947	2	453	453
S0516	12	449	452
S0499	5	450	451
SRR18885251	2	451	451
S1803	37	439	450
S1533	0	450	450
S2531	15	449	449
S2958	20	441	448
S3037	13	445	448
S3512	10	445	448
S0495	7	446	447
HEID8000785	38	434	446
S1930	21	438	446
S3166	7	446	446
S1834	13	441	445
S1823	12	443	445
S1704	17	440	444
S0979	9	439	443
S3185	3	442	442
S2606	15	437	441
S0820	22	436	440
S3163	14	437	439
S0324	7	436	439
S2923	24	432	438
23R25	1	438	438
S1828	10	434	437
S1910	5	437	437
S0547	24	430	436
S1197	22	427	436
S3091	17	432	433
S3199	12	431	433
S3188	7	431	432
S3253	9	429	431
S2896	3	431	431
S3096	3	431	431
HEID8003279	7	427	429
S2213	7	425	428
S1931	8	424	426
S1098	19	419	425
S3738	10	423	425
S2834	38	408	424
S2220	11	420	424
24P95	30	415	423
S1857	31	410	422
S2903	11	418	419
24P89	7	417	419
S3057	16	415	418
S2596	14	415	418
S4002	5	417	418
SRR8528382	0	417	417
S2731	15	410	415
S3206	13	413	414
S1705	16	410	413
S1094	29	401	412
S3225	10	411	412
S3029	9	410	412
S3241	8	412	412
S1561	14	407	411
S3171	7	411	411
S3761	13	404	410
S3207	7	409	410
LaiQ176P4	2	406	407
S2657	30	393	406
S3075	25	398	406
S1833	10	404	406
S0494	5	404	406
HEID410424	15	402	405
S0904	14	404	404
S3001	20	396	403
HEID8000499	17	400	402
LaiQ184P1	4	401	401
S1798	2	401	401
S3212	9	398	400
S1748	14	396	399
S0298	4	399	399
S1689	12	395	398
S3268	7	397	398
S1715	52	381	397
S1030	14	390	397
S1374	49	381	396
S3740	12	394	396
S1808	9	395	396
HEID8000549	14	393	395
HEID8000879	18	390	394
S2224	2	394	394
S0716	16	386	392
S0354	12	386	391
S1040	18	381	387
S3920	10	385	387
S1106	8	385	387
S3228	7	386	387
S2979	30	376	386
S1164	13	381	386
S3244	11	381	386
S2326	10	385	386
HEID8003429	33	377	385
S1448	10	383	385
S1926	10	381	385
S3339	17	379	384
S3401	12	381	384
S2166	11	379	384
S2897	10	382	384
S0448	9	379	384
S2556	2	383	384
S2994	27	376	383
S3281	9	380	383
S2987	8	380	381
S0379	6	380	381
S1122	19	375	380
S3145	16	372	380
HEID8003177	13	377	380
S2217	12	376	379
S2146	9	377	378
HEID8003126	18	372	376
HEID8009942	18	369	376
S3973	10	374	375
HEID8003171	24	364	372
S2899	17	368	372
S4196	18	368	370
S0807	77	341	369
S1831	18	366	369
S4334	16	361	369
23R15	0	369	369
HEID8003181	16	363	368
S0534	21	356	366
S1044	18	359	366
S2970	18	359	365
S3247	15	362	365
S1024	0	365	365
S2176	18	358	364
S1050	10	362	364
S0809	32	357	363
S3234	10	361	363
S3169	9	361	363
S0901	22	353	361
S0757	34	352	360
S1219	2	359	359
S2095	19	352	358
HEID8010239	35	346	357
HEID8003120	17	351	357
HEID8003261	21	349	356
S2988	16	351	356
S1009	11	353	356
S2983	5	356	356
S4082	28	347	355
S1241	8	355	355
S3265	5	353	355
S1927	15	352	354
S3219	7	353	354
23Q11	0	353	353
S3052	11	349	352
S3049	10	350	351
S0798	15	340	350
S1849	13	345	350
S3231	10	348	350
HEID504191	33	338	349
S1817	15	346	349
S2559	15	344	349
23R26	1	349	349
HEID8009974	22	341	348
S3826	10	347	348
S2894	9	346	348
HEID8010272	20	341	347
S3995	17	344	347
S3190	8	344	347
S2839	0	347	347
HEID8010154	46	324	346
S2735	72	320	345
S1163	27	336	345
S0821	0	345	345
S4370	9	340	344
S1424	0	344	344
HEID8000822	18	334	343
S2844	0	343	343
S0784	0	341	341
HEID8010213	38	324	340
S3677	17	335	340
S1125	10	335	340
S1039	22	327	339
S2627	32	326	338
S3290	18	335	338
S2214	4	338	338
S3083	1	338	338
S0752	0	338	338
S3060	3	335	336
HEID8003137	21	329	335
S1969	0	334	334
S2759	0	333	333
S0617	1	332	332
S3084	14	327	331
S2216	12	326	331
23Q65	1	331	331
HEID8010056	30	321	330
S2526	15	328	330
HEID8010247	20	321	329
HEID8009955	18	323	329
S3680	18	323	329
S0967	7	326	328
S2555	12	325	327
S1713	12	323	327
HEID8010259	12	322	327
S2755	0	325	325
S2436	15	321	324
S2687	13	319	323
S2324	10	320	323
23R29	1	323	323
HEID8000518	26	313	322
S2601	26	310	322
HEID8003102	20	313	322
S0836	12	318	322
SRR14525677	2	322	322
23Q39	0	322	322
HEID8000624	33	305	320
S0671	17	314	320
HEID8010134	7	319	320
S3095	24	308	319
HEID8010397	12	316	319
S3133	8	317	319
HEID8010243	5	319	319
23R51	1	319	319
S0509	0	319	319
S1033	0	319	319
HEID8000823	25	305	318
HEID8008546	13	311	318
S1699	11	315	318
SRR24208603	0	318	318
S3897	18	310	317
S1852	17	310	316
S2704	43	292	315
S1319	28	302	315
S1695	13	313	315
23R37	7	314	315
23Q37	2	315	315
SRR1801313	1	315	315
S0593	9	312	314
S3852	0	314	314
HEID404442	21	304	313
HEID8010398	18	307	313
S2351	15	310	312
S1688	10	307	312
S2353	7	311	312
S3357	1	312	312
HEID8003146	24	304	311
HEID8010137	14	307	311
HEID9200106	29	299	310
HEID8010217	27	300	310
S2981	12	305	310
HEID8010819	9	307	310
S2447	9	305	310
HEID8003143	17	303	309
S0501	0	309	309
S0919	0	309	309
HEID8010138	24	298	308
HEID8010080	18	304	308
HEID8009978	18	299	307
S1754	12	304	307
S1562	0	307	307
RB682	31	295	306
HEID8000811	29	293	306
S0535	24	296	306
S1760	16	302	306
S1861	16	299	306
HEID8010135	11	301	306
S2738	0	306	306
HEID504190	38	285	305
23R16	1	305	305
ERR9941677	0	305	305
S4135	33	293	304
HEID500028	24	295	304
HEID8010128	20	299	304
S3891	20	298	303
S3015	11	300	303
S1708	7	300	303
SRR24208602	2	303	303
HEID8000568	28	291	302
S0503	0	302	302
S0747	0	302	302
S4014	24	294	301
HEID8010279	9	295	301
23Q42	0	301	301
SRR24208605	0	301	301
HEID8010251	17	292	300
SRR23340319	17	289	300
HEID8010244	22	289	299
23R17	1	299	299
23Q94	0	299	299
HEID8000613	34	287	298
S3916	28	287	298
HEID8003289	28	284	298
HEID8009950	22	292	298
S1996	12	296	298
HEID8000605	33	281	297
S0373	1	297	297
S2360	28	285	296
HEID8010256	8	292	296
S1095	3	295	296
HEID8010267	32	278	295
HEID8010248	20	288	295
HEID8010325	16	289	295
HEID8009967	14	286	295
S3613	3	295	295
S0940	38	279	294
HEID8003262	19	289	294
S4318	18	288	294
S4322	44	271	293
HEID8003122	16	285	293
HEID8010293	13	288	293
S3256	9	289	293
HEID8010400	19	283	292
S1022	0	292	292
HEID8008332	15	286	291
S2673	14	283	291
HEID8010286	12	288	291
HEID8003105	19	283	290
S3343	2	290	290
S2073	0	290	290
S3413	18	284	289
S3939	15	282	289
HEID8010294	10	287	289
S4123	8	287	289
S0518	15	284	288
HEID8010275	11	283	288
S4102	11	282	287
23Q52	0	287	287
HEID784061	19	274	286
23R46	1	286	286
S2642	0	286	286
S2160	5	284	285
S1877	1	285	285
S0787	0	285	285
HEID8008106	23	276	284
S1819	10	281	284
S0949	0	284	284
HEID8010021	18	279	283
HEID8010335	18	276	283
SRR1631197	12	282	283
HEID504192	32	265	282
S4000	30	270	282
S1276	28	277	282
S1023	0	282	282
S1185	0	282	282
S1463	0	282	282
HEID8008116	22	271	281
S3985	14	280	281
S3004	23	270	280
HEID8003115	21	271	280
HEID503129	16	275	280
HEID8003157	13	274	280
HEID8008606	9	277	280
S1303	31	270	279
NB4	0	279	279
S2575	0	279	279
S3065	66	238	278
S4133	33	267	278
S3042	25	271	278
HEID502794	11	275	278
S3210	7	276	278
HEID8003172	16	272	277
S1822	16	271	277
S2718	15	269	277
S3370	0	277	277
HEID8010826	17	265	276
S1712	11	271	276
HEID8010301	10	271	276
S0796	0	276	276
HEID8010258	17	270	275
23Q40	1	275	275
S1836	30	260	274
HEID8009986	12	269	274
HEID8010044	9	271	274
S0996	0	274	274
S2647	0	274	274
S2943	35	256	273
S2047	13	269	273
HEID8010342	10	270	273
23Q51	3	273	273
S0317	4	272	272
S1848	1	272	272
ERR4880718	0	272	272
S0669	0	272	272
HEID8010298	16	263	271
S2965	8	266	271
S0912	0	271	271
HEID500003	44	243	270
S2616	21	264	270
HEID8010289	18	259	270
HEID504408	15	262	269
HEID8010240	10	266	269
S0548	0	269	269
HEID8010046	25	259	268
HEID8010276	19	259	268
S1014	12	260	268
S1026	1	268	268
23Q44	0	268	268
S1401	0	268	268
S2937	15	258	267
S0647	1	267	267
S0778	0	267	267
S4328	40	249	266
HEID8010295	19	259	266
SRR8528388	2	266	266
S0718	31	257	265
HEID8010287	14	257	265
HEID8010820	13	256	265
S0668	0	265	265
S1805	29	257	264
S2613	25	256	264
S2541	19	257	264
HEID8010284	9	261	264
23Q10	0	264	264
S2100	32	254	263
S0588	26	252	263
S3621	22	256	263
HEID502828	22	254	263
S2332	16	260	263
HEID8010045	15	255	263
S1181	24	249	262
S3170	15	255	262
S2840	0	262	262
S1841	28	251	261
HEID8007999	20	249	261
S3804	16	251	261
S3681	15	256	261
S2732	132	228	260
S3974	16	254	260
HEID8010303	13	257	260
S2540	6	259	260
HEID8010290	13	252	259
HEID8010297	13	251	259
HEID8003265	11	256	259
23R65	2	259	259
S1860	22	244	258
S2608	15	251	258
S3108	4	258	258
S2057	71	235	257
S1298	1	257	257
S0789	0	257	257
HEID8008752	23	244	256
HEID8007803	18	249	256
S4074	12	250	256
S0315	0	256	256
S0781	0	256	256
S1885	0	256	256
S2204	26	246	254
S0875	167	158	253
S3659	12	246	253
S0467	0	253	253
HEID8010225	20	243	252
HEID504407	9	247	252
S3404	23	238	251
S1192	19	245	251
HEID8010288	19	243	251
HEID8010260	14	248	251
HEID8009973	10	245	251
S3486	19	238	250
HEID8009979	7	246	250
S3031	4	248	250
S3828	3	249	250
S1311	1	250	250
23R11	0	250	250
S1750	22	238	249
S0502	13	249	249
S3529	2	249	249
23R42	1	249	249
S2838	1	249	249
S0583	0	249	249
S0994	0	249	249
HEID8010257	30	230	248
HEID8003133	13	241	248
S1310	2	248	248
S3532	1	248	248
23Q41	0	248	248
S0662	0	248	248
S0746	0	248	248
S1074	0	248	248
S3116	121	188	247
HEID504403	18	236	247
HEID8010268	10	242	247
23R06	0	247	247
S1021	0	246	246
S2051	0	246	246
S4336	34	227	245
S0723	79	213	244
HEID8003427	20	235	244
23Q66	0	243	243
S0664	0	243	243
HEID8003372	21	233	242
23Q06	1	242	242
S2740	0	242	242
HEID8009990	14	233	241
S1741	6	239	241
S0464	0	241	241
S0630	0	241	241
S2696	0	241	241
S2486	17	232	239
S2669	17	232	239
S2273	11	237	239
S1218	1	239	239
HEID8003258	20	228	238
S2581	14	233	238
S3444	1	237	238
S1835	22	225	237
ODN61	0	237	237
S1045	0	237	237
S0791	54	219	236
HEID504398	17	223	236
S0992	5	236	236
S0323	0	236	236
S3292	0	236	236
S1143	76	207	235
S1775	23	221	235
HEID8010806	19	224	235
S2661	16	228	235
S3071	13	229	235
S3362	3	235	235
S3806	14	227	234
HEID8010823	13	226	234
S0731	0	234	234
S0868	0	234	234
S0915	0	234	234
S1866	0	234	234
S2953	0	234	234
S3764	33	219	233
S2703	23	217	233
HEID8010266	12	227	233
S1252	3	231	233
S2237	0	233	233
SRR8528367	13	230	232
SRR1801359	9	230	232
SRR8528345	0	232	232
HEID8009954	24	221	231
HEID504534	13	228	231
S1258	9	228	231
S0380	0	231	231
S2746	0	231	231
S1199	20	221	230
HEID8010237	12	225	230
S1968	3	229	230
S0420	53	205	229
NB3	2	228	229
HEID8008121	30	216	228
S1455	15	223	228
HEID8003184	12	225	228
S3812	1	228	228
HEID8010264	18	218	227
S4015	13	220	227
S3923	7	224	227
S0914	1	227	227
S1116	0	227	227
S2439	138	185	226
HEID8000744	43	203	226
23R45	28	217	226
S3847	24	213	226
HEID8009968	16	218	226
S0286	15	220	226
S1568	5	224	226
S1037	1	225	226
23R47	40	218	225
S3822	7	223	225
S2244	6	224	225
S2475	75	190	224
S0565	22	212	224
HEID8010296	19	219	224
HEID8010254	16	219	224
S2402	14	218	224
HEID8010238	7	220	224
NB2	1	224	224
S2232	13	221	223
HEID8003207	24	208	222
S3993	3	222	222
S1314	0	222	222
S0691	65	197	221
S0927	15	213	221
S1739	2	219	221
S3124	30	214	220
S1829	6	219	220
S1555	0	220	220
S0903	198	145	219
HEID8010265	14	212	219
HEID8010246	14	211	219
S2137	7	214	219
S0377	1	219	219
S2442	44	197	218
HEID8007748	19	203	218
HEID8009999	12	212	218
23R20	0	218	218
S1168	0	218	218
HEID8010815	24	204	217
HEID8010299	18	206	217
HEID8008599	17	213	217
S1776	31	199	216
S3729	22	208	216
S3975	22	206	216
S3331	12	212	216
SRR8528342	0	216	216
S4111	24	205	215
HEID700481	16	206	215
HEID502863	15	207	215
S3723	1	215	215
S0946	0	215	215
S1069	0	215	215
RB668	48	190	214
S0375	0	214	214
S1068	0	214	214
S2036	0	214	214
S0877	97	178	213
S2968	34	201	213
HEID8010262	21	198	213
S1507	0	213	213
S2093	0	212	212
S0741	0	211	211
S3720	0	211	211
S2470	52	197	210
HEID8010241	19	198	210
S3454	18	202	210
S2019	1	209	210
S1766	55	186	209
S2690	27	191	209
S3958	10	206	209
S0895	0	209	209
S1953	0	209	209
S1080	135	174	207
S0764	104	177	207
S3661	26	195	207
S1517	19	194	207
HEID8003334	17	199	207
HEID9200281	16	197	207
HEID8008561	12	202	207
S1791	1	207	207
S2212	1	207	207
S0587	0	207	207
HEID8010811	51	173	206
HEID8010077	17	198	206
S4366	27	195	205
24P87	6	204	205
S3460	5	204	205
S2184	0	205	205
S2530	44	197	204
S3696	20	192	204
HEID8003299	17	196	204
S2554	0	204	204
S2466	185	138	203
S1038	28	193	203
S3442	21	192	203
S3094	19	195	203
HEID8010263	18	195	203
S3354	2	202	203
S0896	1	203	203
S3375	1	203	203
S2549	28	183	202
S1117	20	195	202
HEID8010405	11	197	202
S3802	19	197	201
S2618	15	194	201
S4306	15	194	201
S1160	14	193	201
S2973	6	199	201
S1090	0	201	201
S2418	41	192	200
HEID8003482	12	194	200
S0678	153	138	199
S1804	37	185	199
S4004	0	199	199
S3499	33	187	198
S3056	31	184	198
S2729	30	194	198
HEID8009938	13	192	198
S0816	20	191	197
S2905	16	195	197
S3367	1	197	197
S0398	0	197	197
S1077	147	137	196
S0797	48	179	196
S3008	39	175	196
HEID8008598	24	187	196
S4307	19	186	196
ERR7621929	13	192	196
S1824	13	192	196
S2023	1	195	196
S0793	0	196	196
S1892	0	196	196
S2066	61	174	195
S2644	26	187	195
HEID504567	21	184	195
S1519	11	190	195
23R52	21	189	194
HEID8010130	18	186	194
S3585	16	188	194
S3240	45	170	193
S3205	13	187	193
S4337	4	193	193
S2707	1	193	193
S3857	74	167	192
HEID8010188	58	159	192
S0991	0	192	192
S1254	0	191	191
S1638	0	191	191
S0438	141	123	190
HEID500619	59	153	190
S4097	30	178	190
S1348	17	185	190
S1213	2	190	190
S0832	65	162	189
HEID8010125	41	167	189
HEID8009963	20	182	189
S0570	1	189	189
HEID8010813	22	176	188
S3143	16	186	188
S2573	67	175	187
S3137	49	173	187
S3086	34	177	187
HEID8009964	24	170	187
HEID8009976	14	179	187
S0385	2	187	187
S1666	1	187	187
S2042	1	187	187
S2050	1	187	187
S0538	130	127	186
S1496	114	136	186
JB274	91	110	186
S2088	65	161	186
S4206	32	167	186
S2330	28	170	186
S1055	18	175	186
S0851	0	186	186
S0300	56	168	185
S2501	34	173	185
S0312	25	179	185
S2951	23	174	185
S4027	0	185	185
S3655	13	180	184
NB1	1	184	184
S2668	1	184	184
S2221	0	184	184
S2288	30	169	183
HEID8008261	25	167	183
S2969	18	173	183
S3616	2	182	183
S0681	93	140	182
S3722	46	161	182
HEID8010347	12	175	182
S1166	2	181	182
S2188	0	182	182
S3653	21	172	181
HEID8009975	11	176	181
S0975	10	177	181
S3337	0	181	181
S4353	0	181	181
S2433	0	180	180
S3814	0	180	180
S3565	0	179	179
S2850	8	174	178
S1307	0	178	178
S2107	23	176	177
S1061	13	175	177
S2222	8	176	177
S1093	1	177	177
HEID504420	14	169	176
S3726	12	172	176
S3326	10	171	176
S3378	8	174	176
S3500	83	134	175
HEID8010229	32	152	175
S0878	30	162	175
S2753	22	161	175
HEID8010821	16	168	175
S2200	128	115	174
S2921	87	143	174
S2636	67	131	174
S0294	54	167	174
NB9	1	174	174
SRR6441723	0	174	174
S1274	92	141	173
S1714	59	153	173
S2939	39	161	173
S3398	17	167	173
HEID8010033	16	163	173
S3157	11	167	173
S2388	3	171	173
S2989	13	167	172
S2961	9	166	172
S0619	1	171	172
S0954	0	172	172
ERR7621963	64	133	171
S2517	15	168	171
S2367	13	166	171
S1280	1	171	171
S3036	32	161	170
S3261	28	155	170
S0717	4	169	170
S0726	1	170	170
S3760	43	144	169
HEID8008112	39	146	169
S2697	26	159	169
HEID8010072	15	158	169
S2412	14	165	169
HEID8009980	12	164	169
S0517	12	164	169
HEID8000693	77	128	168
S4125	17	161	168
S3140	3	168	168
S2942	0	168	168
SRR23282481	0	168	168
HEID8008113	65	126	167
S2424	45	155	167
S2159	44	145	167
S0667	1	167	167
S0360	76	127	166
S4077	46	144	166
S3030	35	147	166
HEID8010113	27	153	166
S1089	0	166	166
S0974	16	159	165
S0682	3	164	165
S3948	31	150	164
S1043	30	153	164
S3979	8	163	164
S0743	1	164	164
JB1287	99	75	163
S1575	13	160	163
S2524	5	162	163
S1183	2	162	163
SRR8528399	0	163	163
S2196	99	126	162
JB101	85	96	162
S3865	71	142	162
S0706	36	155	162
S2032	2	161	162
S3005	22	153	161
S2481	20	156	161
S0519	18	151	161
S0948	0	161	161
S1025	58	133	160
S1837	33	144	160
HEID8009947	21	150	160
S2091	12	154	160
ERR7621948	0	160	160
SRR8528376	0	160	160
S1171	83	126	159
S1928	22	144	159
S2741	11	158	159
S0540	3	158	159
S1088	3	156	159
S2649	71	114	158
HEID8010812	22	145	158
S1434	0	158	158
S3854	0	158	158
S2508	17	151	157
S1078	113	96	156
S1370	55	129	156
S2452	52	142	156
S3934	27	149	156
S2997	26	141	156
HEID8010273	20	142	156
S0485	0	156	156
HEID8008532	50	121	155
HEID504021	37	139	155
S2566	14	150	155
S3574	2	155	155
S2842	1	155	155
S0887	0	155	155
HEID8008107	142	44	154
S1354	119	107	154
FW1254	63	99	154
HEID8010192	53	117	154
HEID8003104	9	146	154
S0536	8	150	154
S0799	112	93	153
FW1765	81	83	153
FW943	79	88	153
S0453	18	149	153
S1121	15	147	153
S1017	2	153	153
S0496	0	153	153
S0506	0	153	153
S0491	93	109	152
S3048	32	135	152
S0310	2	152	152
S0823	0	152	152
S0488	110	104	151
HEID8003408	71	103	151
JB220	65	92	151
S3803	57	132	151
S0581	10	145	151
S2920	6	149	151
S4192	5	149	151
S1331	4	151	151
S0687	1	151	151
S1651	0	151	151
S3134	13	148	150
S1191	13	146	150
S4171	107	103	149
S0876	49	132	149
S0708	22	143	149
HEID8009962	18	138	149
HEID8010824	15	139	149
S1097	10	143	149
S2592	28	132	148
S0555	93	106	147
S1204	40	130	147
S2831	35	130	147
S3727	17	138	147
S2895	2	147	147
S0829	0	147	147
S2525	0	147	147
JB284	93	60	146
S3076	31	133	146
S2154	21	138	146
S3694	3	146	146
S0794	2	145	146
S2521	48	121	145
S4128	17	138	145
S3038	12	139	145
S3274	1	144	145
S0815	0	145	145
S2788	81	121	144
S0710	80	108	144
JB178	76	84	144
S4321	72	99	144
S3039	19	140	144
S4303	5	142	144
S0892	2	143	144
S1325	1	144	144
S0371	0	144	144
S2957	0	144	144
S2421	91	110	143
S1316	64	117	143
S3919	41	124	143
S2693	38	120	143
S2086	33	129	143
S3940	33	123	143
S3117	30	133	143
S3156	25	135	143
S0338	22	135	143
S3769	16	132	143
S0688	0	143	143
S1350	67	109	142
S3330	34	126	142
S3798	18	135	142
S0273	1	142	142
S1421	0	142	142
HEID8008053	122	55	141
S1282	113	79	141
S0358	94	95	141
S1060	43	126	141
S2446	40	119	141
S4031	38	124	141
SRR28374732	31	122	141
S4095	13	134	141
S3487	5	141	141
JB103	68	81	140
HEID8010280	46	112	140
HEID8003150	20	129	140
HEID8008306	4	138	140
S0663	2	139	140
S1797	1	140	140
S1994	1	140	140
S0361	88	94	139
S1369	43	121	139
S3765	42	113	139
S0686	34	128	139
HEID8003188	20	130	139
S1894	3	137	139
S1998	0	139	139
S2465	0	139	139
S2201	88	108	138
S0713	86	102	138
S1648	57	119	138
S3099	32	128	138
S2527	18	132	138
RB36	7	136	138
S3951	2	138	138
S0450	0	138	138
S1013	90	90	137
HEID8009989	47	106	137
HEID8010409	44	113	137
S1652	2	137	137
HEID8010050	24	124	136
HEID8009987	20	127	136
S4119	20	126	136
S2276	18	127	136
S0988	2	136	136
S4305	0	136	136
JB418	57	90	135
S2638	54	97	135
SRR8528356	53	99	135
S2423	49	105	135
S2413	45	117	135
S1118	19	123	135
S0772	5	133	135
S4168	2	134	135
HEID8010822	126	24	134
S0654	111	56	134
S0709	74	99	134
S0817	8	128	134
S0916	5	132	134
S1003	0	134	134
SRR15362839	0	134	134
SRR8528373	114	81	133
S1553	81	95	133
S3977	43	114	133
S3830	17	127	133
S4176	14	126	133
S0792	3	133	133
S0715	2	133	133
S1504	0	133	133
S2664	121	43	132
S1551	90	77	132
S1949	68	98	132
S4110	37	122	132
S1063	7	128	132
HEID8002960	34	104	131
S0383	30	120	131
S3223	30	120	131
S2393	26	113	131
S2688	19	122	131
S3705	19	120	131
HEID8010175	16	119	131
HEID8009953	14	123	131
S2893	3	130	131
S0285	0	131	131
S3896	0	131	131
S2677	114	46	130
S1959	105	71	130
S4003	99	74	130
S0436	56	108	130
S3020	28	121	130
S3064	27	119	130
S2947	13	123	130
S1339	0	130	130
SRR8528394	0	130	130
S1654	85	83	129
S1304	22	114	129
S0552	119	29	128
S3046	11	121	128
S4335	2	126	128
S2949	0	128	128
JB203	82	59	127
S0831	44	116	127
S0732	42	102	127
JB199	34	104	127
S0707	27	121	127
S1744	11	121	127
S3716	0	127	127
ERR9230199	121	19	126
S4164	78	92	126
S1234	36	109	126
S1217	29	109	126
S4163	60	83	125
S0775	54	103	125
S1265	0	125	125
HEID8000704	117	19	124
JB234	72	65	124
JB1216	62	71	124
HEID8010285	42	93	124
S2186	25	109	124
S4134	8	120	124
S2420	6	123	124
S2231	1	124	124
S2507	0	124	124
S2974	39	115	123
S1066	25	115	123
S1428	96	71	122
HEID410425	96	55	122
S3637	96	44	122
S1662	72	76	122
S3710	8	119	122
S0883	2	122	122
S0699	1	122	122
S0768	0	122	122
S0981	0	122	122
S2150	0	122	122
ERR7621947	108	48	121
LA341	91	45	121
S3407	80	85	121
S1640	79	73	121
HEID8008999	44	98	121
HEID8010166	41	95	121
S3954	30	105	121
S4076	24	106	121
S1147	18	112	121
S1784	11	116	121
S2240	7	115	121
S4333	3	121	121
S2398	0	121	121
SRR8528397	0	121	121
S3295	112	24	120
HEID8000610	102	40	120
S3410	65	87	120
FW616	64	67	120
S2164	38	100	120
S4072	36	97	120
HEID8009971	21	110	120
S3393	21	110	120
S3800	20	106	120
S2090	9	117	120
S0374	110	25	119
HEID8010402	106	30	119
S1976	104	36	119
S2632	103	50	119
S2872	102	33	119
S0443	76	76	119
JB194	43	89	119
S1661	35	101	119
S2489	32	98	119
S1472	108	26	118
HEID8010140	105	39	118
S3629	105	22	118
S1660	71	71	118
S4080	55	96	118
HEID8003249	43	89	118
JB236	42	87	118
HEID8000829	40	102	118
SRR10230721	29	99	118
S2915	20	112	118
S4357	4	115	118
S3183	0	118	118
S2646	105	36	117
S2078	27	109	117
S1032	16	107	117
S0609	108	32	116
S3634	100	26	116
S0740	45	89	116
S2451	38	102	116
S1180	113	15	115
S2692	103	46	115
HEID408979	99	37	115
FW1266	80	45	115
HEID8003410	63	66	115
JB257	60	61	115
S2565	46	91	115
HEID9200300	40	91	115
S2940	17	109	115
RB360	8	113	115
S4174	3	113	115
S4104	106	23	114
HEID8008974	104	20	114
HEID401915	92	49	114
S4032	90	42	114
S1777	79	65	114
S0462	67	73	114
S2128	46	89	114
S3651	42	85	114
S1270	1	113	114
S1827	102	32	113
HEID8003343	93	50	113
S2766	92	51	113
S2789	91	51	113
S4147	78	73	113
S0670	38	94	113
JB273	29	92	113
HEID8010059	24	95	113
S1795	8	109	113
SRR8528362	3	112	113
S3751	0	113	113
SRR8528364	0	113	113
S1816	105	27	112
S3772	103	24	112
S4109	103	19	112
S0674	97	41	112
S3089	54	90	112
S0850	27	97	112
S2454	26	101	112
S4087	25	104	112
HEID8003394	23	96	112
HEID8010300	11	103	112
S1309	3	111	112
S1362	59	79	111
S0657	50	83	111
S1173	47	88	111
S2163	42	81	111
S0847	38	88	111
S3458	23	102	111
S3107	20	104	111
S0642	4	111	111
S2928	2	111	111
S0560	0	111	111
S0884	0	111	111
S2658	98	26	110
S1182	96	47	110
S3632	95	32	110
HEID8010169	88	53	110
S2198	42	90	110
S3067	33	101	110
S0931	15	100	110
S2238	4	109	110
S0656	105	19	109
S2168	101	29	109
S2441	100	18	109
S2628	97	36	109
S2868	89	39	109
SRR7223710	78	62	109
JB895	78	46	109
S4160	54	70	109
S2667	23	98	109
S1155	106	21	108
S0362	103	16	108
HEID8008073	101	21	108
S3642	98	19	108
S4391	96	22	108
S1868	89	39	108
S2877	79	44	108
SRR7223703	73	64	108
S1363	59	69	108
23R61	26	97	108
S2737	26	94	108
S3013	6	106	108
S2416	2	107	108
S0993	0	108	108
S0403	100	20	107
S4182	95	26	107
S3412	85	45	107
S0330	70	67	107
S0392	67	75	107
S0442	53	79	107
S4012	29	99	107
S4178	13	99	107
S2219	13	98	107
S1312	7	102	107
HEID8003271	95	38	106
S2873	95	19	106
S3944	93	36	106
S2814	93	33	106
S2651	83	56	106
S2631	32	91	106
S0714	5	106	106
S1065	4	104	106
S0305	0	106	106
S0645	100	25	105
S2633	97	27	105
S2869	95	17	105
S2702	94	36	105
S0292	93	27	105
S2635	92	36	105
S0888	91	46	105
S2663	60	70	105
S3518	35	83	105
S4017	22	91	105
S2509	20	92	105
HEID8010067	17	96	105
HEID8010324	13	99	105
S3742	11	100	105
HEID8009984	10	96	105
S1853	96	30	104
S4073	96	21	104
S2780	94	39	104
S4276	93	30	104
HEID8010171	88	40	104
S0683	31	93	104
S1299	16	98	104
S1057	15	96	104
S4035	14	91	104
S3110	11	97	104
S2260	9	97	104
S2672	95	34	103
S3818	59	58	103
S2626	52	73	103
S4066	29	90	103
S0632	15	95	103
S2383	8	100	103
S1212	3	103	103
HEID502832	94	19	102
S3873	93	32	102
HEID8010277	93	29	102
S2623	92	41	102
S4038	89	52	102
HEID8010406	88	32	102
S0352	86	32	102
S0689	76	49	102
HEID8009952	70	52	102
S0277	45	72	102
HEID8000831	44	81	102
S3146	34	86	102
S0672	31	82	102
HEID8000833	13	94	102
S3476	2	101	102
S4236	99	15	101
FW764	97	8	101
HEID8008213	93	32	101
S3679	90	29	101
S2120	70	57	101
S3646	67	44	101
S2249	60	61	101
S3139	49	69	101
S2624	40	77	101
S1596	38	75	101
S2309	34	87	101
S0863	22	89	101
S0833	20	93	101
S1690	17	91	101
S2392	17	90	101
S0825	9	94	101
S1686	0	101	101
S0643	98	8	100
S0293	96	5	100
S0748	92	21	100
S4018	92	18	100
S3641	91	17	100
S1781	89	40	100
HEID8000699	87	36	100
S2805	86	45	100
S3382	84	33	100
S3650	79	33	100
S3994	38	70	100
S2247	33	77	100
S2730	31	85	100
S4359	21	85	100
S0405	92	15	99
S2354	90	25	99
S2808	90	25	99
S2611	89	34	99
S0675	89	28	99
S2784	83	36	99
S2745	83	26	99
S3575	77	46	99
S3025	51	69	99
S2671	44	66	99
S4026	41	75	99
S4372	32	78	99
S3293	31	81	99
S0655	21	88	99
S2432	13	97	99
S0824	12	89	99
S2494	7	94	99
RB325	87	29	98
S2820	84	32	98
S3956	84	26	98
S4028	83	29	98
HEID502831	76	49	98
S0487	66	70	98
S1347	52	68	98
S2182	43	76	98
S1255	39	74	98
S0523	30	80	98
S3497	29	79	98
S4090	24	86	98
S3970	24	84	98
S3073	22	91	98
S1747	15	87	98
S0590	5	96	98
S3258	3	98	98
S0544	2	98	98
S2082	2	97	98
S1794	2	96	98
S2044	1	98	98
S1989	91	25	97
S0417	90	23	97
S4061	86	24	97
S2817	84	32	97
HEID8010136	82	24	97
S2871	81	26	97
S2659	77	40	97
S2876	77	35	97
S2880	74	49	97
S2254	74	44	97
S2114	71	50	97
S2879	67	42	97
S2650	43	70	97
S2772	39	71	97
S3918	23	80	97
S0957	19	90	97
SRR8528385	6	93	97
S0828	93	12	96
S0894	91	20	96
S0284	83	36	96
S2881	80	39	96
S3461	78	43	96
S0359	77	39	96
S2654	72	49	96
SRR8528374	60	75	96
HEID8000728	44	78	96
S3788	43	70	96
S0431	4	94	96
S1292	92	10	95
S3635	88	17	95
S2681	87	33	95
S2848	86	30	95
S4065	86	18	95
S2199	85	28	95
HEID8010203	85	25	95
S0770	85	22	95
S4341	85	21	95
HEID505117	83	32	95
S3645	82	20	95
S2829	81	38	95
S1948	81	36	95
S2578	77	31	95
S2874	76	35	95
S2833	73	47	95
S2395	65	52	95
S2701	64	61	95
S1645	54	65	95
S4229	46	66	95
S1641	41	78	95
S2108	37	71	95
S0733	90	8	94
S3794	89	21	94
S1788	88	22	94
S4083	88	22	94
S4260	87	16	94
HEID8010131	86	25	94
S2242	85	28	94
S3539	84	26	94
S4262	84	25	94
S2744	84	24	94
S0720	79	33	94
S0862	77	30	94
S3863	74	38	94
S3639	70	38	94
S0591	64	58	94
S2615	63	55	94
S2597	57	54	94
S3312	46	65	94
S3130	42	77	94
S3599	34	75	94
S3962	33	73	94
S2909	19	86	94
HEID8010190	12	86	94
S1664	2	94	94
HEID505738	83	21	93
S0268	82	21	93
S0605	79	36	93
S3926	78	26	93
S0795	77	41	93
HEID400803	77	37	93
S3389	76	42	93
JB1279	73	32	93
S4253	68	40	93
S3543	64	53	93
HEID8000142	60	45	93
S2734	44	65	93
S2487	43	75	93
S3481	21	82	93
ERR7621960	20	81	93
S0924	3	92	93
HEID8010147	89	10	92
S1820	85	15	92
HEID8010165	83	23	92
S1723	82	20	92
HEID8003431	76	39	92
HEID8000538	75	41	92
S2265	75	32	92
S1297	72	40	92
S3450	72	36	92
S3976	70	51	92
S3466	46	80	92
S3538	41	70	92
S1375	39	69	92
S3754	30	74	92
HEID8010170	28	68	92
S1653	0	92	92
S1422	86	12	91
HEID8003474	82	26	91
S0328	82	24	91
S3490	81	17	91
S1148	79	31	91
S0475	77	30	91
S2617	76	41	91
S2192	73	36	91
S2882	73	34	91
S_670	67	33	91
S3371	65	39	91
S4302	57	48	91
S0874	53	48	91
S3282	51	57	91
S2796	45	67	91
S2048	41	71	91
S1377	31	72	91
S2426	30	79	91
S2008	30	72	91
S1665	26	80	91
S3273	22	79	91
S0299	89	7	90
S1284	87	17	90
S1454	84	14	90
S4193	78	33	90
S2629	77	40	90
HEID8010274	77	30	90
S2206	76	35	90
S0607	74	33	90
S1647	73	36	90
S2479	73	35	90
S4400	73	34	90
S3291	71	38	90
FW1150	68	33	90
HEID8003308	63	53	90
S1103	38	64	90
S0331	1	90	90
S0869	1	89	90
S1378	0	90	90
S0351	88	2	89
S1539	81	26	89
S3835	78	29	89
HEID8009943	77	32	89
HEID8000913	77	20	89
S2678	73	43	89
S2875	72	31	89
S4025	71	29	89
S2818	68	45	89
FW284	68	36	89
S3880	59	53	89
S3866	52	55	89
S1936	50	68	89
SRR7223704	49	51	89
S2571	48	59	89
S2652	46	62	89
S2666	35	75	89
S0451	34	76	89
S1230	32	71	89
S1929	15	77	89
S1224	5	87	89
S1944	85	17	88
S0889	83	23	88
JB967	83	9	88
S2438	80	28	88
S3685	80	22	88
S4153	79	27	88
S4079	77	27	88
S3226	71	31	88
S0479	62	55	88
RB327	62	43	88
S2670	58	55	88
S4257	58	51	88
S3294	56	49	88
S4201	55	49	88
S2783	49	56	88
S3625	32	67	88
S1368	31	71	88
S0973	11	82	88
S1442	7	85	88
S3121	0	88	88
S1749	84	6	87
S3982	79	18	87
S1145	78	26	87
HEID504118	78	21	87
S2118	77	19	87
S3567	76	27	87
S1245	75	38	87
S3545	70	35	87
S4008	70	28	87
S2864	70	27	87
S3525	69	29	87
S0472	59	45	87
S0839	57	45	87
S2065	55	45	87
S2379	53	52	87
S2801	52	54	87
HEID504984	51	52	87
S3690	50	53	87
S3308	49	58	87
S2497	49	56	87
S3315	46	53	87
S1315	44	68	87
S2625	43	67	87
HEID8008881	42	61	87
S2017	35	60	87
S3990	28	67	87
S3960	26	67	87
S0473	23	75	87
S2072	22	70	87
S0881	1	87	87
ERR7621967	0	87	87
S2007	83	6	86
PAFTOL_019419	81	18	86
S3732	79	12	86
HEID505429	75	19	86
S3829	74	25	86
S2584	73	37	86
S2719	72	32	86
S4243	70	32	86
S3617	68	39	86
JB1275	65	30	86
NA_sn	62	30	86
S2567	58	36	86
S1935	53	58	86
S3578	52	53	86
S3409	48	56	86
S2570	44	66	86
S3504	43	56	86
S3938	42	58	86
S2791	38	65	86
S0923	38	64	86
S2685	38	61	86
S3474	33	66	86
S1357	33	63	86
S3583	31	65	86
S3152	23	78	86
S1175	17	79	86
S3105	12	77	86
S1850	81	20	85
S0964	81	11	85
S0864	81	7	85
FW757	80	11	85
S3233	80	11	85
S3701	79	11	85
S1289	76	28	85
HEID8010338	74	27	85
S3644	74	25	85
HEID8000732	73	27	85
S3533	73	19	85
S4390	72	18	85
JB1176	71	30	85
S4399	71	28	85
HEID8009144	71	25	85
S2878	71	24	85
S4255	68	34	85
SRR27421742	66	40	85
S2870	64	34	85
S0281	61	40	85
S3279	58	48	85
S4401	56	44	85
S1545	55	50	85
S3966	55	45	85
S2195	53	48	85
S2013	52	52	85
S3988	45	59	85
S3505	44	53	85
JB108	42	54	85
S3714	36	57	85
S4221	34	64	85
S3260	30	69	85
S2102	30	68	85
S3712	28	70	85
S1101	27	68	85
S2798	27	67	85
S0612	25	68	85
S1954	20	71	85
S1092	9	79	85
ODN163	1	85	85
S1137	81	16	84
S0690	81	5	84
S2169	79	6	84
S1838	76	18	84
S4304	75	21	84
S3867	74	20	84
S4075	73	21	84
HEID8010339	72	20	84
S3663	72	19	84
S1250	71	36	84
S3952	71	21	84
HEID504881	70	29	84
S1142	69	30	84
S4091	67	38	84
S4208	66	34	84
S0421	61	47	84
S3216	61	41	84
S3248	59	47	84
HEID8000769	58	47	84
23R38	53	45	84
S2375	50	56	84
S3257	50	53	84
S2157	48	45	84
S3548	47	50	84
S3405	47	49	84
S4225	47	49	84
S1920	40	62	84
S3325	32	63	84
S2419	16	77	84
S2512	79	8	83
S0419	77	14	83
S2826	76	26	83
S1010	76	16	83
S0680	74	22	83
S2682	73	27	83
HEID504745	72	29	83
S3933	70	21	83
S3647	66	29	83
S1955	65	41	83
HEID8007889	64	43	83
S3232	64	32	83
S4389	63	38	83
S4245	59	42	83
S0600	58	45	83
S2645	52	48	83
S4247	51	53	83
S2316	49	59	83
HEID400861	46	56	83
S2648	46	49	83
S1114	42	63	83
S2112	42	57	83
S4143	30	65	83
S3495	30	60	83
S1259	25	68	83
S0490	8	83	83
S2725	78	7	82
S2824	76	30	82
S4191	76	23	82
S4309	76	21	82
S2605	74	30	82
S1863	74	28	82
S3756	74	11	82
S3633	73	19	82
S0921	72	26	82
S3687	72	20	82
S4059	68	26	82
S1460	65	39	82
S1326	64	30	82
JB181	63	28	82
S2178	62	36	82
S3251	59	32	82
S1129	58	41	82
S3946	58	34	82
S3318	50	51	82
S4314	49	43	82
S1908	47	55	82
S1419	46	49	82
S3511	46	48	82
S0745	43	54	82
S2177	43	53	82
S3789	32	61	82
S2803	31	66	82
S1144	31	62	82
S2233	30	62	82
S2396	27	66	82
S3868	4	80	82
S1246	80	13	81
HEID8010183	76	16	81
S3193	75	16	81
S2473	74	23	81
S2116	74	10	81
HEID8010198	70	18	81
S3506	68	35	81
S1864	66	31	81
S1358	65	31	81
SRR17276276	65	30	81
S3431	63	34	81
S3631	54	43	81
S4377	51	41	81
S1338	50	47	81
HEID8010827	48	44	81
S2680	45	53	81
S3555	35	59	81
S1594	35	53	81
S1709	29	58	81
S0339	20	71	81
S0637	16	72	81
S1179	76	9	80
S1353	73	25	80
HEID8000070	73	21	80
S3451	71	27	80
S4214	70	29	80
HEID504568	69	30	80
HEID410287	69	23	80
S4186	67	25	80
S1875	59	45	80
S2674	58	49	80
S1240	57	39	80
HEID8010177	52	39	80
S4040	51	46	80
S4146	51	40	80
S1659	45	49	80
S3254	45	44	80
S3622	43	48	80
S0885	42	48	80
S3766	35	60	80
S1912	33	62	80
S1867	31	58	80
S2037	29	58	80
ERR4221768	18	67	80
S0301	74	11	79
S3252	73	15	79
S1924	71	26	79
S3628	70	16	79
S0364	68	23	79
S2189	67	36	79
HEID8010187	56	33	79
S1914	53	38	79
RB35	52	43	79
S3591	51	44	79
S0342	44	50	79
S3288	38	56	79
S2935	27	62	79
S2786	25	62	79
S3267	17	68	79
S3725	16	66	79
S1115	12	71	79
S3051	1	78	79
S1100	75	8	78
S4258	73	18	78
HEID8010110	72	18	78
S2775	71	24	78
S4071	70	14	78
S4166	70	14	78
S0579	70	11	78
S1243	69	30	78
S4265	68	29	78
HEID8010129	66	21	78
S2683	64	34	78
S2752	63	37	78
S1189	62	26	78
S2235	59	45	78
S2612	58	44	78
RB958	57	40	78
S0861	56	37	78
S1247	54	46	78
S4288	54	46	78
S1154	53	44	78
S2797	52	49	78
S4149	52	36	78
S2695	45	50	78
S2907	41	48	78
HEID8010818	39	49	78
S3387	31	58	78
S3220	28	62	78
S3027	13	73	78
S1493	6	74	78
S0818	77	0	77
S0635	75	11	77
S1288	75	8	77
S0478	72	15	77
S2867	71	9	77
S2180	70	14	77
S4103	70	13	77
S1405	67	19	77
HEID8009960	63	35	77
HEID8000525	60	33	77
S2847	59	32	77
S2040	57	39	77
S3424	51	36	77
S4308	47	45	77
S3553	47	43	77
S0865	46	45	77
S2587	42	47	77
S3452	39	48	77
S3811	38	52	77
S4036	38	50	77
S0866	33	51	77
S3942	32	58	77
S1773	29	62	77
S2106	28	63	77
S1657	24	62	77
S3070	13	70	77
S3209	11	71	77
S0804	71	12	76
S0822	70	25	76
S3999	70	16	76
S1242	69	31	76
HEID8010149	69	17	76
HEID8010336	69	16	76
S1174	69	16	76
S4269	66	29	76
S2119	66	27	76
S0308	64	28	76
S4185	64	23	76
S3864	63	26	76
S0986	59	37	76
S2586	58	32	76
S0959	54	41	76
S2005	53	40	76
S2012	40	51	76
S1102	39	57	76
S2717	39	55	76
S2301	39	51	76
S1330	35	51	76
S2698	34	53	76
S1459	21	61	76
S3044	19	74	76
S3898	19	64	76
S1223	73	11	75
S0960	73	9	75
S3128	73	9	75
S3503	71	12	75
S0840	70	18	75
S2478	69	17	75
S3416	68	13	75
S0827	67	25	75
S4339	67	17	75
S4231	65	25	75
S3588	65	23	75
S3576	65	22	75
HEID501437	64	14	75
S3485	63	21	75
S2462	59	27	75
HEID504668	58	33	75
S1188	55	37	75
S1305	54	35	75
HEID505644	49	43	75
S0529	48	44	75
S1938	47	53	75
S3229	45	43	75
S1934	44	54	75
S3522	42	48	75
S0777	41	44	75
S1133	38	48	75
S3098	23	68	75
S3972	23	65	75
S0296	21	60	75
CR1124	73	2	74
S1670	71	9	74
S0956	70	11	74
S0742	68	13	74
HEID8003292	66	17	74
S2643	65	27	74
HEID502724	64	20	74
S0942	63	33	74
HEID402743	63	27	74
SRR11119232	61	23	74
S2558	61	22	74
S2397	54	33	74
S1381	53	42	74
S2484	46	46	74
S4227	42	38	74
S1919	37	51	74
S1131	36	45	74
S3594	29	53	74
FW1139	27	57	74
S2405	21	62	74
S2138	15	62	74
FW140	73	1	73
S3498	71	10	73
S1141	70	18	73
HEID8003485	69	12	73
S3579	68	21	73
S3683	68	14	73
S1498	65	19	73
S2457	65	15	73
S1854	64	26	73
S1128	64	18	73
HEID8009993	62	28	73
S3643	62	14	73
HEID8000504	59	27	73
S1474	59	26	73
S0845	58	34	73
S4154	57	30	73
HEID8008102	51	44	73
S1921	43	44	73
S3907	43	38	73
S3964	42	40	73
S1313	40	53	73
S0846	40	47	73
S1294	35	54	73
S1905	34	52	73
SRR12465161	9	70	73
S4145	8	68	73
S2181	69	16	72
S1769	69	12	72
S1084	67	19	72
S0801	66	14	72
S0282	63	17	72
S2334	62	14	72
S2811	61	22	72
S1285	59	27	72
S3266	58	37	72
S2496	58	35	72
S4286	57	33	72
S2563	57	27	72
S3986	53	31	72
HEID8000713	50	41	72
S2705	43	53	72
S3827	35	48	72
FW1192	34	43	72
S2495	24	57	72
S1261	21	59	72
S1244	69	10	71
HEID8010118	69	2	71
S2599	67	17	71
FW1036	67	7	71
S1593	66	19	71
S4233	66	13	71
S3963	65	10	71
HEID8009981	64	20	71
S3844	61	25	71
HEID8010399	61	20	71
S3796	61	17	71
S3306	60	24	71
SRR27406221	58	27	71
HEID505118	58	26	71
S0350	56	34	71
S1015	53	30	71
S0762	42	36	71
HEID8008035	40	49	71
S1239	40	49	71
S3955	38	50	71
S2076	30	50	71
S2290	28	53	71
S3475	28	50	71
S0834	16	61	71
S1961	10	64	71
S2410	1	71	71
S1821	68	12	70
S4162	66	24	70
S3935	65	5	70
S1847	64	17	70
S2429	63	15	70
S3823	61	22	70
S2124	59	29	70
S4219	56	26	70
S0055	55	33	70
S3269	53	29	70
S1939	51	34	70
S3620	47	36	70
SRR11119228	46	40	70
S0969	45	36	70
S3837	44	38	70
S2374	39	40	70
S2782	36	47	70
S0724	31	46	70
S1913	30	51	70
S3272	30	48	70
S0963	30	46	70
S3968	22	61	70
S3572	19	57	70
S1812	69	1	69
S0806	67	9	69
S0758	66	9	69
S1997	66	4	69
S2720	64	22	69
S1140	64	17	69
S3584	64	15	69
S0765	64	10	69
S4121	62	20	69
S2485	62	11	69
S2712	60	26	69
S0633	60	20	69
S2825	59	26	69
S3299	59	20	69
S2794	58	21	69
S1150	57	27	69
S1878	56	22	69
S4283	55	34	69
S4371	55	26	69
SRR27406226	54	29	69
S2098	52	33	69
S1136	49	36	69
S1903	47	42	69
S2716	44	46	69
S1360	42	45	69
S1547	42	43	69
S3305	40	51	69
S3670	38	41	69
S0984	31	46	69
ERR7621966	27	51	69
S4107	17	55	69
S1056	12	65	69
S3910	63	11	68
S0412	62	8	68
S3373	60	27	68
S3508	60	21	68
SRR11638383	58	32	68
S3893	58	17	68
S4368	57	24	68
HEID8006711	56	28	68
S4220	55	26	68
S3612	53	34	68
JB166	53	25	68
S1801	48	38	68
S1266	46	35	68
S3455	45	38	68
S3688	42	42	68
S0527	42	39	68
S2929	42	39	68
S4291	38	39	68
S0340	37	42	68
S3445	35	40	68
S4183	30	45	68
ERR7621946	19	61	68
S1262	16	62	68
S0297	6	66	68
S2583	64	17	67
S0409	63	8	67
S1839	63	5	67
S0303	62	10	67
S3586	61	21	67
S2502	60	10	67
S2843	58	22	67
S4344	57	23	67
S1135	56	31	67
S3741	56	26	67
S1138	56	20	67
S1449	53	28	67
S4172	52	34	67
S4278	52	33	67
S1462	52	25	67
S2711	51	31	67
SRR11119231	51	20	67
S3242	49	35	67
S1232	38	43	67
S2283	34	42	67
S3263	33	46	67
S0944	32	46	67
S0476	30	43	67
S3285	29	52	67
S4365	28	49	67
S0631	24	52	67
S0376	64	4	66
SRR4417667	64	3	66
SRR8528336	63	11	66
S1034	63	7	66
S3602	62	12	66
S3692	61	16	66
S3277	61	14	66
S3787	60	14	66
S4347	56	29	66
S3519	55	29	66
S3730	54	36	66
S2061	54	23	66
S1755	47	35	66
S2185	45	37	66
S2191	41	42	66
S3417	33	45	66
S1132	21	49	66
S1035	0	66	66
S0735	65	3	65
S1349	63	9	65
S1110	63	8	65
S1597	61	13	65
S1727	61	5	65
S2550	61	5	65
S0480	60	15	65
S0400	60	8	65
S2022	55	23	65
S0677	55	19	65
S1184	54	22	65
HEID8010158	54	18	65
S1229	52	27	65
HEID504987	52	25	65
23Q62	51	25	65
CR1298	48	32	65
S2493	41	32	65
S1169	40	40	65
S0624	40	37	65
S1851	39	38	65
S3463	39	35	65
S2498	38	42	65
S1367	38	36	65
S1359	37	48	65
S2560	36	41	65
ERR7621928	14	56	65
HEID8010146	64	2	64
S0388	62	2	64
S3556	60	10	64
S0349	58	13	64
S3040	51	29	64
S3491	51	22	64
S2018	40	39	64
S4223	37	43	64
S0474	35	39	64
S4363	35	38	64
S1907	34	42	64
S2122	33	41	64
S2258	32	40	64
S1643	8	61	64
S1281	3	62	64
S3560	60	12	63
S2933	59	12	63
S1840	58	13	63
S2477	58	12	63
S3849	57	15	63
S3820	57	14	63
S2552	54	27	63
FW732	52	20	63
S3345	51	24	63
S3224	50	22	63
S1366	49	28	63
S0945	44	34	63
HEID8000506	42	33	63
S0899	42	31	63
S1333	42	30	63
S4057	39	32	63
S3636	38	38	63
S3603	36	37	63
S1237	33	41	63
S1800	31	43	63
S1318	31	39	63
S0739	61	3	62
SRR8528398	59	14	62
S3154	57	17	62
S0753	57	14	62
S3554	57	12	62
S2528	55	18	62
S3871	55	15	62
S0384	54	16	62
HEID712283	54	14	62
S2099	54	14	62
S4266	53	21	62
S3069	52	25	62
S4213	52	15	62
SRR8528381	49	34	62
HEID9200251	48	26	62
S2474	47	30	62
S2165	42	33	62
S3834	34	40	62
JB277	29	41	62
S3507	29	39	62
S3534	0	62	62
S2016	60	2	61
S3983	58	16	61
S3541	56	14	61
S0811	55	14	61
S2378	49	27	61
S2117	46	20	61
S0280	45	26	61
S4157	38	35	61
S1279	37	36	61
S4063	36	34	61
S1231	35	42	61
S1882	34	42	61
S3607	18	50	61
S0408	57	8	60
S2591	56	20	60
S0430	53	11	60
S0844	50	22	60
S3901	50	21	60
S1176	49	20	60
HEID502973	48	24	60
S2709	48	22	60
S4373	46	28	60
HEID8000563	46	25	60
S3779	39	34	60
S1344	30	44	60
S2932	29	48	60
S1904	26	41	60
S0575	25	38	60
S3394	24	42	60
S3106	10	58	60
S0941	1	60	60
S2986	57	9	59
S3552	56	8	59
S3080	53	10	59
S2130	51	30	59
S4190	51	19	59
S3159	50	21	59
S1351	50	19	59
HEID8010151	50	18	59
S2582	50	18	59
S2938	50	18	59
S4216	44	29	59
S4067	43	22	59
S3332	40	28	59
S1269	39	28	59
S0943	37	34	59
S1293	36	33	59
S1361	30	40	59
HEID8008110	28	44	59
S0156	4	56	59
ERR7621961	56	3	58
S1542	55	12	58
S2417	53	18	58
S0309	52	14	58
S3489	49	18	58
S3839	47	19	58
S3356	46	23	58
S1365	45	22	58
S3443	42	22	58
S4298	41	28	58
S1909	41	25	58
S1960	38	40	58
S4250	31	35	58
S3204	28	35	58
S3120	53	14	57
S1977	53	11	57
S1922	52	12	57
S2123	50	25	57
S3851	50	12	57
S0987	49	14	57
HEID505242	47	15	57
S2103	45	27	57
S3136	44	25	57
S3196	44	23	57
S2714	41	29	57
S2362	41	25	57
S3467	39	33	57
S1260	38	33	57
S3959	37	35	57
S4238	37	31	57
S1343	32	35	57
S2411	30	38	57
S1296	24	41	57
S3390	24	38	57
HEID8010141	21	44	57
S2408	15	48	57
ERR7621937	55	3	56
S0381	55	2	56
ERR7621956	54	8	56
S0616	53	13	56
S2125	53	12	56
S4085	48	28	56
S2561	48	24	56
S2187	48	18	56
S1751	48	17	56
S2246	48	14	56
S0283	46	13	56
S3026	45	21	56
HEID8010127	44	27	56
S1172	44	24	56
S1625	42	25	56
S2104	41	33	56
HEID503376	41	31	56
S4203	41	29	56
ERR7621926	34	36	56
S3957	34	30	56
S1336	30	45	56
S3496	30	33	56
S3825	22	41	56
PAFTOL_023519	51	11	55
S2094	51	11	55
S1728	51	5	55
S1238	50	8	55
S1364	48	18	55
S2172	47	22	55
23Q48	45	24	55
HEID8010817	45	16	55
S0646	44	21	55
S3350	43	25	55
S2151	41	25	55
HEID8010176	40	26	55
S3406	40	24	55
S0533	40	21	55
HEID501441	38	30	55
S2343	36	22	55
S1917	35	33	55
HEID809730	34	35	55
S2468	34	30	55
S2504	32	29	55
S0779	28	31	55
S0504	0	55	55
S0786	53	5	54
S0401	50	12	54
S3941	48	12	54
S3858	47	15	54
S2845	44	25	54
S4180	43	22	54
S2456	43	16	54
S0902	42	12	54
S1376	41	24	54
S3514	34	31	54
S3391	34	29	54
S1601	34	27	54
S1120	34	26	54
S0855	32	33	54
HEID500027	30	36	54
S1915	23	40	54
HEID8009940	19	40	54
S4116	16	41	54
S1221	13	45	54
S1091	3	54	54
S1324	52	8	53
S1624	52	6	53
HEID8009961	51	4	53
S4170	50	7	53
S2813	50	5	53
S2492	49	18	53
S3902	47	16	53
S1153	44	14	53
S1332	41	15	53
ERR7621965	39	21	53
HEID8000558	38	32	53
S1409	38	22	53
S3711	38	21	53
S0639	38	20	53
S1655	37	29	53
S3243	37	24	53
S1226	35	26	53
S0638	33	31	53
HEID8009951	30	37	53
S0306	1	53	53
S1386	49	12	52
S2081	47	12	52
S2183	45	17	52
S2202	45	17	52
S0427	44	17	52
S3399	37	20	52
S0766	34	22	52
S3276	29	31	52
S0455	20	39	52
S2914	19	38	52
S2234	18	39	52
S1295	12	45	52
S1302	50	1	51
S1328	48	6	51
SRR8528348	47	18	51
S2449	42	19	51
S1881	42	17	51
S1945	42	14	51
S2604	42	12	51
S4237	41	15	51
S0336	37	18	51
S3568	35	22	51
S1112	32	24	51
S4268	30	32	51
JB1624	27	35	51
S1178	25	32	51
S1306	22	34	51
S1001	8	46	51
S3911	5	47	51
S1220	3	49	51
S2941	46	4	50
S0658	41	20	50
S3783	40	21	50
S2619	40	19	50
S2913	40	18	50
HEID8000522	40	17	50
S4042	40	16	50
S3523	39	28	50
S1214	39	22	50
S2747	39	19	50
S0404	38	28	50
S2121	36	30	50
S3245	33	26	50
S0289	27	30	50
S1779	14	40	50
S2209	13	43	50
S4118	11	43	50
S3943	48	12	49
S2175	47	11	49
S3230	46	9	49
S3016	45	13	49
S0468	45	8	49
SRR8528400	45	8	49
S1005	43	13	49
S3638	43	9	49
S1884	37	25	49
S4202	37	24	49
S1227	35	22	49
SRR27406227	29	29	49
CR1002	21	37	49
S1700	21	31	49
S0897	0	49	49
S2002	48	1	48
S2434	47	1	48
S2127	44	7	48
S0585	44	6	48
S3423	43	15	48
S0554	43	9	48
S1236	42	9	48
S4218	40	17	48
SRR8528339	39	17	48
S1146	37	21	48
S3597	33	25	48
S1249	33	20	48
S2115	31	38	48
S1130	30	23	48
S3596	23	32	48
S1579	11	43	48
S0578	10	44	48
S0196	46	3	47
S0288	45	6	47
S0531	43	5	47
S2922	42	10	47
S0641	39	15	47
S4403	35	19	47
S1300	35	18	47
S2865	32	18	47
S4217	31	26	47
HEID8010302	20	31	47
S3408	14	33	47
S2358	10	41	47
S3280	9	43	47
S2152	9	41	47
S2156	4	46	47
S1958	40	9	46
S2311	35	14	46
HEID501601	34	29	46
S4340	32	29	46
HEID8000736	32	27	46
S2205	32	25	46
S0756	29	33	46
S1707	27	26	46
S2267	27	22	46
S1334	42	5	45
S3411	41	7	45
S2437	40	15	45
S2916	39	16	45
S0968	39	7	45
S4115	37	13	45
SRR8528358	36	15	45
S0391	36	14	45
S0603	35	31	45
S1052	34	18	45
S2767	31	24	45
S1134	18	30	45
S0813	17	37	45
S2594	43	9	44
S0348	43	1	44
S2096	42	5	44
PAFTOL_023515	40	13	44
S2945	39	10	44
S3003	36	15	44
S3478	35	17	44
S0760	29	22	44
S1691	27	25	44
S2092	26	24	44
S1251	25	31	44
S3872	41	7	43
SRR8528359	40	11	43
S2919	36	18	43
S3436	34	20	43
S3053	25	28	43
ERR7621938	41	8	42
S0564	41	8	42
S3737	39	5	42
S2148	39	4	42
S0407	38	9	42
S4294	36	13	42
HEID500025	32	20	42
S1235	32	18	42
S2131	32	18	42
S3627	28	25	42
S2535	27	21	42
S1207	9	36	42
ERR7621949	1	42	42
S1768	41	1	41
S0329	38	7	41
SRR8528389	37	12	41
S0763	32	19	41
S1201	31	14	41
S0469	25	23	41
S1516	12	31	41
ERR3454146	10	37	41
S1187	37	5	40
S1475	35	11	40
S3562	33	13	40
S2511	29	22	40
S0322	29	18	40
S3792	23	19	40
S2431	15	29	40
SRR22401985	14	28	40
S4352	37	8	39
S0907	37	7	39
SRR396761	36	4	39
S0558	34	13	39
S2595	34	6	39
ERR7621941	32	17	39
S2149	32	16	39
HEID8010353	32	11	39
HEID8010189	31	19	39
S3103	31	15	39
ERR7621958	30	10	39
S3014	29	17	39
S1898	26	24	39
S3111	21	24	39
SRR4128966	15	34	39
S2291	8	32	39
S0978	3	39	39
SRR8528341	37	7	38
SRR8528372	37	5	38
SRR8528379	36	10	38
SRR8528343	35	7	38
S0673	32	19	38
S3017	29	16	38
S3929	29	12	38
S2064	26	25	38
S3132	23	32	38
S2229	15	28	38
S2724	12	27	38
S0848	37	0	37
S1210	32	14	37
S3197	31	15	37
SRR8528368	31	11	37
S3614	28	21	37
S1275	28	19	37
S3784	26	12	37
S0568	25	19	37
S3082	24	24	37
S1152	21	26	37
S2350	18	19	37
S4106	15	25	37
S3734	10	29	37
S1859	8	32	37
S0428	36	2	36
S1151	36	1	36
S4280	35	5	36
S1345	34	15	36
S2491	33	3	36
S4311	18	26	36
S4068	11	32	36
S2348	7	30	36
SRR28153840	4	33	36
S0882	1	36	36
S1826	1	35	36
S0320	35	1	35
S0345	35	0	35
SRR8528350	33	4	35
SRR8528338	33	3	35
S2977	30	11	35
S1156	30	7	35
S0771	28	12	35
S3148	26	19	35
S0424	26	12	35
S0426	25	17	35
S0327	23	24	35
S0620	33	2	34
S1019	33	1	34
S2985	28	16	34
S1970	28	11	34
S3573	26	18	34
S1933	26	11	34
S4235	25	14	34
S0278	24	18	34
S3286	22	18	34
S3161	17	22	34
S3652	15	25	34
S0893	8	30	34
S2230	8	30	34
S0507	5	30	34
SRR8528370	33	8	33
S1451	32	4	33
S2459	31	2	33
S2253	29	10	33
S4200	28	7	33
S2003	24	20	33
S3097	20	22	33
SRR3506501	18	26	33
ERR3822209	10	28	33
S0553	7	29	33
ERR7621957	0	33	33
SRR8528391	32	2	32
S1396	31	3	32
S3328	31	3	32
S0634	28	11	32
SRR8528340	27	10	32
S2046	24	13	32
S3041	24	12	32
S1177	22	15	32
S1083	21	24	32
HEID8009965	16	19	32
SRR28153745	2	31	32
S3007	28	3	31
S1604	24	19	31
S4173	24	11	31
S2136	22	16	31
S2505	20	15	31
SRR8528357	19	15	31
S2931	15	21	31
S2944	14	21	31
23Q46	3	28	31
S0744	30	0	30
S3149	29	5	30
S2999	28	7	30
SRR8528361	28	5	30
S3913	22	16	30
S2515	14	23	30
S0890	28	2	29
S1211	23	10	29
S3227	19	16	29
S3420	19	14	29
S0628	18	18	29
S2553	14	16	29
S1843	11	20	29
S0577	3	26	29
S2315	2	27	29
PAFTOL_023511	28	2	28
S2170	27	2	28
S4187	25	10	28
S3006	25	8	28
SRR28153786	24	5	28
S2241	21	10	28
S2386	19	9	28
SRR8528380	17	15	28
S3074	10	19	28
PAFTOL_019459	27	1	27
SRR28153868	26	4	27
S1752	24	4	27
SRR8528384	20	14	27
S3640	17	15	27
SRR5116719	10	19	27
S2145	9	18	27
S2455	7	21	27
S1208	5	22	27
S3061	24	3	26
S2435	21	10	26
S1216	19	9	26
SRR9089893	12	20	26
S0880	6	20	26
S0702	3	23	26
S0486	2	26	26
S1646	20	6	25
S2245	19	9	25
S0355	18	12	25
SRR28153830	17	13	25
SRR11977919	12	18	25
S2227	8	19	25
S1488	5	22	25
S0728	1	24	25
SRR8528365	23	2	24
S2077	22	3	24
S3569	21	6	24
S0838	16	10	24
23Q43	7	19	24
S2538	14	10	23
S3012	13	12	23
SRR28153738	21	3	22
HEID8010291	20	4	22
S2075	20	4	22
SRR28153884	20	3	22
S0287	20	2	22
S1346	17	7	22
S1967	15	8	22
S2967	14	8	22
SRR8528347	6	19	22
S1384	6	17	22
S0363	21	1	21
SRR28153613	20	2	21
S3032	16	7	21
SRR8528354	15	17	21
S1458	11	12	21
S0481	7	16	21
S1785	7	15	21
HEID8010283	20	1	20
S3449	20	1	20
SRR28153863	19	3	20
SRR28153618	18	4	20
SRR11470320	16	6	20
S1508	14	7	20
SRR28153674	3	17	20
S1506	2	18	20
SRR28153881	19	0	19
SRR28153816	18	2	19
SRR28153673	17	7	19
S0951	17	3	19
S2239	17	2	19
SRR28153628	16	3	19
S3022	15	11	19
S2518	14	7	19
SRR11470309	12	9	19
S3129	10	12	19
S2365	9	10	19
S2406	9	10	19
S1387	8	14	19
S1398	18	2	18
S0952	15	4	18
S2052	9	11	18
S1278	8	13	18
SRR28153728	0	18	18
S2269	16	1	17
S2959	15	6	17
S2359	14	4	17
SRR28153790	14	3	17
S1671	10	8	17
S3403	5	14	17
ERR2040449	16	0	16
S1514	15	2	16
S0898	14	4	16
SRR28153670	14	2	16
S2226	9	11	16
S1283	8	8	16
S0774	6	11	16
S4078	15	1	15
SRR28153624	15	1	15
SRR28153664	15	0	15
SRR28153785	14	2	15
S1417	14	1	15
S1520	14	1	15
SRR28153694	13	4	15
S2055	13	3	15
ERR7621945	8	10	15
PAFTOL_014331	3	14	15
SRR28153675	0	15	15
PAFTOL_008053	14	2	14
S2110	14	0	14
SRR28153732	13	1	14
SRR28153882	13	1	14
S1720	12	3	14
S3054	9	5	14
S1663	7	8	14
SRR28153923	4	10	14
S2132	2	12	14
S1937	12	2	13
S0698	8	6	13
SRR28153739	3	10	13
SRR28153861	1	12	13
S1947	12	0	12
SRR28153782	12	0	12
S2299	11	1	12
SRR28153696	6	9	12
SRR28153761	11	2	11
S1856	11	0	11
S2135	11	0	11
ERR3487354	10	1	11
SRR28153878	10	1	11
S0313	8	4	11
PAFTOL_005410	7	7	11
S1549	7	4	11
S2503	7	4	11
S3928	2	9	11
PAFTOL_023513	0	11	11
SRR28153680	0	11	11
S0761	10	1	10
S2305	10	0	10
SRR11184855	10	0	10
S0738	9	2	10
S2463	9	1	10
S2001	8	2	10
SRR28153858	7	5	10
S2400	6	4	10
S3900	6	4	10
S1389	2	10	10
SRR28153693	1	10	10
SRR28153800	9	1	9
S0343	9	0	9
S2998	9	0	9
SRR28153710	9	0	9
SRR28153803	9	0	9
SRR28153864	8	3	9
NB10	8	1	9
SRR28153636	7	2	9
SRR28153649	3	7	9
PAFTOL_019443	3	6	9
SRR28153676	2	8	9
S0906	8	0	8
S1729	8	0	8
S3068	7	1	8
S1658	6	2	8
S2295	6	2	8
S3434	6	2	8
S0727	5	4	8
SRR28153661	5	3	8
SRR28153867	1	8	8
SRR28153841	7	1	7
S1388	7	0	7
S1569	7	0	7
S1932	7	0	7
S3208	7	0	7
SRR28153748	7	0	7
SRR28153837	7	0	7
SRR31744086	7	0	7
S2056	5	2	7
SRR8528386	5	2	7
SRR28153682	4	3	7
SRR4417656	4	3	7
SRR28153771	3	4	7
S2197	0	7	7
PAFTOL_023477	6	0	6
S0316	6	0	6
S2129	6	0	6
S3187	6	0	6
SRR28153940	6	0	6
SRR28153809	5	1	6
SRR28153695	4	3	6
S0660	3	4	6
S2355	5	1	5
S2401	5	0	5
S2444	5	0	5
SRR11653891	5	0	5
SRR28153742	5	0	5
SRR28153834	5	0	5
S2251	4	1	5
SRR28153681	2	3	5
SRR28153784	1	5	5
SRR28153871	1	5	5
S0711	0	5	5
SRR28153595	4	2	4
ERR2560538	4	0	4
S1818	4	0	4
S2996	4	0	4
SRR28153643	4	0	4
SRR28153869	3	3	4
SRR28153614	3	2	4
SRR28153847	2	3	4
SRR28153780	2	2	4
SRR28153932	2	2	4
S3883	1	3	4
SRR28153823	1	3	4
SRR28153857	0	4	4
SRR28153725	3	1	3
S0344	3	0	3
S2964	3	0	3
S2971	3	0	3
SRR28153638	3	0	3
SRR28153723	3	0	3
SRR28153921	3	0	3
ERR7621959	2	2	3
S3709	2	1	3
S4120	2	1	3
SRR28153735	2	1	3
SRR28153938	2	1	3
SRR28153672	0	3	3
SRR28153733	0	3	3
SRR28153770	0	3	3
SRR28153850	0	3	3
SRR28153667	2	1	2
SRR28153724	2	1	2
S0980	2	0	2
SRR28153663	2	0	2
SRR28153699	2	0	2
SRR28153799	2	0	2
SRR28153870	2	0	2
SRR28153939	2	0	2
SRR28153936	1	2	2
S2328	1	1	2
S2363	1	1	2
S2448	1	1	2
S4241	1	1	2
SRR28153690	1	1	2
SRR28153791	1	1	2
SRR28153683	0	2	2
SRR28153747	0	2	2
SRR28153927	0	2	2
SRR28153705	1	1	1
SRR28153934	1	1	1
ERR10116846	1	0	1
ERR2560444	1	0	1
PAFTOL_005411	1	0	1
S1644	1	0	1
SRR28153937	1	0	1
SRR28153637	0	1	1
SRR28153697	0	1	1
SRR28153698	0	1	1
SRR28153706	0	1	1
SRR28153729	0	1	1
SRR28153836	0	1	1
SRR28153929	0	1	1
S2366	0	0	0
SRR28153600	0	0	0
SRR28153605	0	0	0
SRR28153655	0	0	0
SRR28153755	0	0	0
SRR28153759	0	0	0
SRR28153787	0	0	0
SRR28153920	0	0	0
SRR28153943	0	0	0
