rank,clade,node,n_focal_tips,n_total_tips,fraction,focal_samples,component_id,plot_label,plot_this
TRIBE,Aethionemeae,5987,51,51,1,S1299; S0890; S0351; S0348; S1297; S0352; S1947; S2002; S1142; S1100; S1154; S0874; S0847; S0777; SRR4417667; S1237; S1226; S0350; S1184; S1944; S1284; S1136; S1261; S1345; S0735; S1670; S3498; S1155; S1349; S1132; S1137; S1148; S1141; S1292; S1145; S1138; S1180; S1223; S1302; S3556; S3552; S1179; S1231; S0818; S1300; S0863; SRR4417656; S0349; S1945; S0401; S3554,1,Aethionemeae,TRUE
TRIBE,Alysseae,5074,209,209,1,S1111; S1707; S0355; S0724; S2046; S0322; S1249; S0430; S1269; S1409; S1266; S0968; S1671; S2401; S0288; S0303; S0748; S0620; S2766; S0952; S1084; S3193; S0308; S0309; S0328; S1151; S4266; S2775; S2826; S2056; S0379; S1519; S0324; S0967; S0841; S0556; S1030; S0354; S4370; S1346; S0813; S0631; S1343; S1344; S1262; S2560; S0523; S1175; S1178; S0637; S1295; S1348; S1514; S0632; S4221; S0639; S2468; S4217; S1146; S1147; S0638; S4143; S3391; S3670; S1156; S4173; S3787; S1150; S1135; S3913; S1604; S3910; S3907; S1597; S3499; S1593; S1596; S0634; S0635; RB668; S3765; S3783; S1152; S1172; S4146; S4057; S1910; S1904; S1917; S1919; S1909; S1914; S1913; S1912; S1908; S1903; S3394; S0740; S1915; S1112; S0855; S1347; S1920; S1120; S1296; S1921; S1907; S1905; S4219; S4235; S4237; S0940; S1594; RB682; S0888; S2185; S3779; S2191; S2177; S1315; S2791; S1801; S1800; S4365; S3277; S1110; S0828; S1210; S3844; S2181; S1989; S1304; S0848; S1303; S1131; S1143; S1285; S0529; S1229; S0844; S1130; S1293; S0944; S0987; S1324; S0527; S1153; S2343; S1542; S1367; S0866; S0533; S2374; S1174; S0531; S1144; S0845; S0943; S1260; S1259; S3474; S1867; S2680; S2586; S1545; S0739; S0839; S0969; S0865; S2375; S3617; S1333; S1176; S1169; S0885; S1255; S1363; S0633; S1140; S1353; S0942; S1294; S1360; S1359; S1133; S1134; S1601; S1547; S1236; S1351; S4149; S1357; S0945; S1350; S1361; S2831; S0846; S0811; S0732; S3196; S2709; S4363; S2783; S2267; S4372; S0616; S3293; S2379; S3880,1,Alysseae,TRUE
TRIBE,Alyssopsideae,4186,4,4,1,S0316; S1460; S1235; S0809,1,Alyssopsideae,TRUE
TRIBE,Anastaticeae,3287,68,68,1,S1316; S0691; S0359; S0360; S1551; S0453; S1173; S1013; S0451; S1025; S0391; S0442; S1496; S1549; S0438; S0361; S0462; S1101; S0538; S0443; S4164; S0392; S4171; S1078; S1553; S0358; S0791; S1641; S1060; S0343; S0336; S0340; S0338; S0339; S0655; S3014; S0838; S1114; S0342; S0450; S0344; S0540; S0708; S0707; S0436; S0706; S0642; S3065; S0555; S2156; S4147; S0710; S0709; S0600; S0713; S3407; S3410; S1959; S1428; S1665; S4038; S4090; S0403; S1640; S3760; S1182; S0654; S0156,1,Anastaticeae,TRUE
TRIBE,Anchonieae,5864,63,64,0.984375,S0603; S2919; SRR8528354; S3022; S3032; S0404; S3003; S3132; S3345; S2913; S2496; S2929; S2945; S2175; S4280; S1216; S0656; SRR8528358; S3943; S2933; S3983; S2492; S3588; S3543; S2916; S2941; S3560; S2824; S3149; S2720; S2633; S3999; S3541; S2681; S2672; S2611; S3545; S3120; S3579; S4352; S3941; S2635; S3584; S3128; S3586; S2594; S1250; S2643; S3602; S0827; S1234; S0899; S2135; S0889; S1884; S0657; S3612; S0898; S2818; S2125; S2552; S2599; S2583,1,Anchonieae,TRUE
TRIBE,Arabideae,5282,451,451,1,SRR8528384; S0901; HEID8002960; HEID505242; S0658; S4236; S2386; HEID8010154; HEID8010169; HEID8010149; S3692; HEID501437; HEID8003292; HEID504568; HEID504118; S3732; HEID8010151; S3562; HEID8010198; HEID712283; HEID8010336; HEID8010129; HEID8010189; HEID8010136; HEID505429; HEID8010146; HEID410287; S0568; HEID8010131; HEID8010183; HEID8003308; HEID502832; HEID8008213; HEID8010170; HEID8010138; HEID8003289; S4035; HEID8010342; S3267; HEID8010244; HEID8009947; HEID500025; HEID8010399; HEID8010158; HEID8009942; S3784; S3769; HEID8010820; S3205; HEID8003258; S0927; S0974; HEID8010324; S0536; S1192; HEID8010258; HEID8010045; HEID8010080; HEID8003146; HEID8010272; S0535; HEID8003172; HEID8003143; HEID8010259; HEID8003137; HEID8010325; HEID8003126; HEID8003177; HEID8003181; HEID503129; HEID8010021; HEID8003184; S1055; S1455; HEID8003150; HEID8010033; HEID8010050; HEID8003105; HEID8003102; HEID8010335; HEID8010251; HEID784061; HEID8010137; HEID8010301; HEID8010046; S3726; HEID8009999; HEID8003115; HEID8010254; HEID8010077; HEID8003133; HEID8003157; S0975; HEID8003299; S0931; S1121; S1057; S1191; HEID8003188; HEID8010246; S1056; HEID8010302; S0455; HEID8010398; S3985; HEID8010135; HEID8010294; HEID8008606; HEID8010303; HEID8010241; HEID8010243; HEID8010284; HEID8003120; HEID8003261; HEID8003262; HEID8010056; HEID8003171; HEID8008598; HEID8010128; HEID8010263; HEID8010273; HEID8010247; HEID8010287; HEID8010295; HEID8010823; HEID8010347; HEID8010262; HEID8008599; HEID8010826; HEID8010279; HEID8003482; HEID8010238; HEID8008546; HEID8010293; HEID8003265; HEID8003122; HEID8010240; HEID8010267; HEID8010286; HEID8003427; HEID8010059; HEID8010275; HEID8009974; S2669; HEID8010400; HEID8009967; S2703; S2613; S2687; HEID8009955; HEID8009968; HEID8009938; HEID8009950; HEID500028; HEID8009962; HEID8008121; HEID8010217; HEID8010225; HEID8009954; HEID8003429; HEID8009964; HEID8010239; HEID8010824; HEID8010257; HEID8009987; HEID8010190; HEID8009940; HEID8009990; HEID8009984; HEID8008261; HEID8009963; HEID8010283; HEID8010291; S3872; HEID8010165; HEID8003104; HEID8010288; HEID8003334; HEID8010266; HEID8010290; HEID8010297; HEID8010299; HEID8007999; HEID8010256; HEID8010248; S4307; HEID8003394; HEID8010044; HEID8009978; HEID8008561; HEID8010268; HEID8010819; HEID8010397; HEID8009973; HEID8010405; HEID8008332; HEID8009986; HEID700481; HEID504398; HEID8010296; HEID8009965; S2581; S3696; HEID8009976; HEID8008116; HEID502794; HEID8009979; HEID8010067; HEID8010300; S2632; S3710; HEID8009980; HEID8010298; S2616; S1199; HEID8007748; HEID8010812; HEID8010815; S2690; S0902; S2638; HEID500003; HEID8003249; HEID500619; S2595; S2649; HEID8008113; S2636; S4321; HEID8009961; S2664; S4309; HEID8008073; HEID8008035; S4304; SRR12465161; HEID8008102; HEID8008110; HEID8010176; HEID8008053; S4220; S4311; HEID8003485; HEID8003474; HEID8010822; HEID8009951; HEID8010274; HEID8009981; HEID500027; HEID8009943; HEID8010406; HEID8009960; HEID8010277; HEID8009993; HEID8008107; S2677; HEID8010141; HEID8007889; HEID408979; HEID401915; S0553; HEID8010147; HEID8010192; HEID8003410; S4302; S4163; S4160; HEID8008532; HEID8010285; HEID8010811; HEID8003408; HEID8010280; HEID8010188; S3518; HEID8009989; HEID8010177; HEID8010187; HEID8008112; S2693; HEID8010229; HEID8010818; HEID502863; HEID404442; HEID8010806; HEID504407; HEID504408; HEID8010140; S1868; HEID9200281; HEID504567; HEID502828; HEID8008106; HEID8010130; S4306; HEID8003207; HEID504403; HEID8010175; HEID504420; S2601; S2608; S2673; HEID8010276; HEID8010265; HEID8010289; HEID8009953; HEID8009971; HEID8009975; HEID8007803; HEID8003372; HEID8010821; HEID8010264; HEID8010237; HEID8010072; HEID8010260; HEID8008306; HEID8008752; HEID8010813; S2658; HEID8003271; HEID502831; HEID8003431; HEID8010166; HEID8003343; HEID8010171; S4294; HEID410424; HEID8003279; HEID8010134; S3131; S0836; HEID8010305; HEID8010066; HEID8010304; HEID501419; S0834; HEID8003238; S0279; HEID8010234; HEID8010110; HEID8009274; HEID8000822; S2462; HEID504668; HEID504984; S3525; S0281; S3040; HEID505118; HEID505117; HEID504881; HEID8010402; HEID402743; S3864; HEID8010817; S3500; HEID8010338; HEID504987; HEID501441; SRR17276276; HEID8010203; HEID8010827; HEID8000142; HEID8006711; S1083; S1498; HEID504745; HEID8000713; HEID8000504; S4233; HEID8000563; S4231; S4339; HEID505644; SRR11470320; HEID8000506; HEID502973; HEID505738; HEID8000879; HEID8000549; HEID8000499; HEID8008794; HEID9200251; HEID8000568; S3621; HEID504534; HEID8000833; S0720; S0795; HEID8000558; S4341; HEID8000070; HEID8000736; HEID503376; S3788; HEID9200300; HEID8010409; HEID8008999; HEID8000831; S3766; HEID8008881; HEID8000829; HEID8000728; HEID400861; HEID410425; HEID8000538; HEID8000769; HEID8000699; HEID8010213; HEID8010125; HEID8000913; HEID8010127; HEID809730; HEID8000610; HEID8000693; HEID400803; HEID501601; ERR3454146; S2834; HEID8000605; HEID8000744; HEID8000785; S3261; S3764; HEID8000823; HEID504192; HEID8010113; HEID8000613; HEID8000518; HEID8000811; HEID8000624; HEID9200106; HEID504190; HEID504191; HEID8000704; HEID8010118; S2714; HEID8000732; HEID502724; S0196; HEID8009952; S0760; S0419; HEID8010353; HEID8000525; S0770; HEID8000522; S3286; S1177; S1462; HEID8010339; S0765,1,Arabideae,TRUE
TRIBE,Arabidopsideae,4313,3,3,1,S1211; S1381; S3954,1,Arabidopsideae,TRUE
TRIBE,Biscutelleae,3281,5,5,1,SRR8528382; S1077; SRR8528399; S1074; S0746,1,Biscutelleae_A,TRUE
TRIBE,Biscutelleae,5069,3,3,1,S0329; SRR8528338; S0560,2,Biscutelleae_B,TRUE
TRIBE,Boechereae,3989,127,127,1,NA_sn; S3651; S3646; S4403; S3935; S3485; S4390; S3639; S3628; S3635; S3866; FW1192; S3629; S3634; JB166; JB277; S3644; S3637; JB103; S0362; JB199; JB1279; S1227; JB181; S3647; S3933; S2875; S4028; S2868; S2869; SRR396761; S3652; FW284; S2876; S2864; S4065; S2867; S3633; FW1765; JB1624; S2874; FW616; JB257; JB236; S4389; S2879; S4208; S4059; S4025; S4008; S4400; S4399; HEID8009144; S3863; S3643; S4061; S2871; S3650; S3645; HEID8008974; S2872; SRR5116719; S3638; S2880; S2881; S0364; S4401; S2882; S3640; S3631; S2877; FW1150; S3632; CR1124; S4203; JB1275; JB1287; JB284; S3642; CR1298; FW1266; S2878; JB108; S4018; LA341; CR1002; JB101; S3641; JB273; S4063; S3926; JB418; S2873; S4391; JB1216; S4032; JB967; JB178; FW943; FW764; JB203; JB220; S1369; S2870; JB194; JB274; FW732; FW140; S0363; FW757; JB895; S0301; S0282; S0293; S_670; S0268; S0763; S0690; JB1176; S2865; FW1254; FW1139; FW1036; S3636; JB234; S2745; S0400,1,Boechereae,TRUE
TRIBE,Brassiceae,3578,248,248,1,SRR8528386; S0373; S1666; S1968; S2055; S1017; S1325; S2001; S4174; S3565; 23R11; S2554; S3274; 23R12; 23Q41; 23Q06; RB360; S0663; 23Q40; S3694; S3434; S0313; S3716; S2696; S1953; 23R06; S1001; 23Q42; S0851; 23Q46; S0980; S0978; S0981; S3444; S0993; S1003; 23R46; S2052; S3449; S0662; S2188; S2184; S0331; S1183; S3812; S1218; S1877; 23Q66; 23Q52; S3814; S3476; S2042; 23Q65; S1219; 23R29; S2050; S4303; S0317; 23Q51; S4305; 23Q11; 23Q43; 23Q44; S0897; S4027; S3487; S2044; S2197; S3343; S3613; S0544; S0467; S0377; S1507; S0587; S1026; S1996; RB36; S3460; S1967; S0323; 23Q10; S2209; 23R40; S3852; S1421; S0660; S3723; S2398; S1969; S0752; S3868; S3362; S3375; S3370; S3529; S0667; S3883; S2400; S3616; SRR14525677; S1224; S1516; S0868; S3367; S1207; 23Q94; ERR2560444; S3357; S0590; S1894; S4192; 23R15; S0583; S0747; S1311; S0992; SRR2050307; SRR24128551; S0548; S0869; S1228; S4353; S0914; S3280; S1220; S3337; S0919; SRR24208602; SRR24208603; SRR24208605; S1208; SRR23282481; ERR9941677; 23R25; S0912; S1185; S3378; S3354; 23Q37; 23R51; S1401; S1569; 23R65; S3720; S0817; S2556; S0617; S0650; S3928; S1314; S1312; 23R16; S1568; S0668; S0991; ERR4880718; NB10; 23R17; S2647; S4333; S2642; S2668; 23R20; S4337; NB1; S1866; NB4; NB9; S0731; NB3; S4335; S3951; S2707; S2575; 23R42; S1310; 23Q39; S0699; 23R26; S0698; S0702; ODN163; S0711; S0715; S1307; S1892; S1555; S0714; S0570; ODN61; S0924; NB2; S4134; S3258; S3292; S0305; S1021; S1994; S0726; S2251; S3532; S2051; S4357; S3911; S3854; SRR1801313; S0743; S0315; S2388; S2383; S2023; S0664; S2019; S0380; S1339; S1221; S0385; S3751; S2392; S1331; S1037; S1442; S0669; S1458; S1265; S0772; S1506; S1309; S0954; S0431; S0464; S1168; S0297; S0768; S1508; S1493; S0371; S0988; S0916; S1270; S1212; S1298; SRR6441723; S3993; SRR18885251; LaiQ176P4; LaiQ184P1,1,Brassiceae,TRUE
TRIBE,Calepineae,3867,3,3,1,S1238; S0312; S0757,1,Calepineae,TRUE
TRIBE,Camelineae,4123,4,4,1,S0641; S1204; S0670; S0718,1,Camelineae,TRUE
TRIBE,Cardamineae,4827,235,235,1,S0904; S3709; S2366; S1881; S0593; S2747; S3849; S3411; S3423; S2269; S3627; S3603; S3711; S3594; S3622; S3620; S2299; S3901; SRR9089893; S2362; S3596; S2365; S3031; S3915; S2273; S3677; S2964; S2981; S2324; S3725; S2328; S2455; S2724; S2355; SRR11977919; S3659; S2358; S3655; S4324; S3806; S2447; S3681; SRR23340319; S2359; S3893; SRR3506501; S4123; S3178; S3281; S3265; S3228; S2353; S3268; S2897; S3206; S3225; S3234; S3212; S2326; S3247; S3950; S3978; S3177; S3199; S2756; S3275; S3250; S2357; S3214; S3262; S3208; S3278; S3271; S3238; S3259; S3287; S3244; S3241; S3163; S3203; S3253; S3166; S3237; S2903; S3186; S1209; S3188; S3190; S2894; S3219; S3231; S3169; S3210; S3256; S3980; S3171; S3661; S3974; S3481; S3486; S2718; S3008; S4322; S2994; S2704; S4328; S3084; S3095; S3847; S2330; S3653; S2947; S3804; S3727; S3105; S3830; S2923; S2351; S3802; S2937; SRR14870005; S2969; S2360; S3454; S2961; S2350; S4097; S2920; SRR22401985; S4095; S2943; S3005; S2332; S4178; S2951; S3442; S3798; S3960; S4119; S4014; S4128; S2436; S3729; S3290; SRR10230721; S2276; S3822; S3923; S2931; S3038; S3701; S4344; S3851; S3867; S4121; S3399; S2334; S3041; S3687; S3820; S3416; S4075; S3663; S3026; S4071; S3339; S3891; S4077; S2442; S3919; S3976; S3873; S3389; S2833; S2829; S4079; S4255; S3350; S0733; S3685; S3772; S3679; S3871; S2316; S2570; S2989; S4318; S4125; S4176; S4000; S3683; S3796; S3503; S4103; S1898; S4073; S2354; S2744; S3956; S3982; S3952; S2661; S2914; S2486; S3800; S3705; S2731; ERR4221768; S2047; S3897; S3046; S2291; S3826; S3015; S3108; S3958; S3057; S3075; S2363; S2348; S2295; S3853; S3828; S2367; S2850; S0427; SRR8528391; S1625; S0376; S0672; S0398; S0893; S1276; S0671; S0298,1,Cardamineae,TRUE
TRIBE,Chorisporeae,5929,57,57,1,S1245; S1624; S0894; S2752; S2438; S2651; S2561; S2605; S0675; S1244; S2473; S4193; S1242; S4191; S4083; S3382; S2584; S2617; S1288; S1246; S0674; S1243; S2711; S3306; S4153; S1247; S4265; S2654; S2612; S2678; S2119; S2674; S2615; S2625; S2716; S0468; S1864; S1948; S2659; S2123; S2628; S2702; S2683; S1863; S1539; S0673; S2094; S2124; S3436; SRR8528370; S4258; S2103; S4288; S4026; S4247; S4286; S4283,1,Chorisporeae,TRUE
TRIBE,Coluteocarpeae,3871,102,102,1,S2189; S3489; S2120; S4269; S2805; S2650; S2395; S2122; S3578; S2498; S3417; S3409; S3837; S4298; S3478; S2242; S2456; S3069; S2121; S3233; S3252; S3230; S3082; S2127; S4340; S2441; S2627; S3240; S2126; S3508; S4104; S2199; S2168; S0552; S3295; S2129; S2378; S3567; S2202; S2172; S2003; S3569; S3523; S3506; S3835; S3575; S3412; S2206; S4262; S2820; S2817; S2393; S2204; S2789; S4276; ERR2560538; S3328; S2246; S2116; S2784; S4238; S0758; SRR8528348; S2780; S4347; S4216; S1472; S0964; S3829; S2170; S2767; S2118; S3576; S2825; S2794; S0956; S0960; S2808; S2811; S2235; S2814; S2260; S2494; S2798; ERR3822209; S3920; S0959; S2130; S2657; S1189; S0646; S2165; S0771; S4260; S3243; S1129; S2801; S0469; S0677; S1015; S1955; S1128,1,Coluteocarpeae,TRUE
TRIBE,Cremolobeae,3240,19,19,1,S1093; SRR8528364; S1035; S0678; S1102; S4120; S2082; S0330; S0273; S1092; S1949; S3068; S2077; S0753; S4115; S3403; S2075; S2205; S2435,1,Cremolobeae,TRUE
TRIBE,Descurainieae,4544,44,44,1,S0412; S0742; S1275; S2187; S2485; S2022; S2007; S2180; S2457; S0579; S1034; S2938; S2437; S2477; S2985; 23Q62; S1019; S2183; 23Q48; S3017; S3902; S1005; SRR4128966; S0864; S2016; S3858; 23R38; S2449; SRR27406227; RB325; SRR27406226; SRR27421742; S0921; RB327; S0605; SRR27406221; S2797; S1407; S0762; S3139; S2128; S1878; S4218; S0558,1,Descurainieae,TRUE
TRIBE,Dontostemoneae,5985,3,3,1,SRR8528339; S1188; S1187,1,Dontostemoneae,TRUE
TRIBE,Erysimeae,4316,227,227,1,S2110; S2096; S2018; S2782; S2102; S2491; S4183; S3607; S2497; S2558; S3964; S2671; S4253; S2648; S3450; S3946; S4245; S4243; S2265; S3226; S2567; S2578; S3232; S3299; S3986; S3990; S3553; S3591; S2685; S3942; S4229; S3988; S3555; S4227; S3312; S3583; S2571; S4225; S3452; S3445; S2803; S4223; S2624; S2717; S3282; S2772; S3242; S2178; S2182; S3827; S3966; S3789; S2666; S3970; S3599; S3962; S3272; S3968; S3495; S3405; S4377; S3688; RB958; S3944; S3291; SRR7223704; S3371; SRR7223710; SRR7223703; S4257; S2114; S2040; S3522; S3294; SRR11119231; SRR11119228; SRR11119232; S3251; S1326; RB35; S3269; S0475; S1362; S0786; S3431; S0607; S0862; S3332; S3308; S4040; S2195; S2652; S2698; S3491; S2597; S2013; S4314; S3463; S3548; S2587; S3443; S2645; S3424; S3461; S2192; S3053; S3467; S3387; S3390; S4291; S2734; S3254; S2397; S2157; S2663; S3048; S3197; SRR28374732; S0476; S3204; S2008; S0984; S0474; S0473; S2186; S2108; S3938; S2098; S2005; S3455; S1217; S3918; S2012; S3475; S2311; S2076; S1954; S3245; S2258; S3318; S3220; S3276; S3507; S2112; S2065; S2565; S3690; S3511; S3994; S2017; S3625; S2396; S2730; S2048; S2631; S0585; S3266; S3305; S3229; S3257; S3216; S0923; S3279; S3263; S3834; S2493; S3260; S2106; S4036; S1305; S4308; S4091; S3504; S0472; S1938; SRR8528340; S0986; S1364; S1358; S3248; S3325; S3285; S2796; S2117; S1338; S4200; S3568; S2037; S2495; S2290; S3505; S3825; S3538; S3288; S3315; S1330; S2072; S2786; S3972; S3273; S3497; S2737; S0850; S3940; S3948; S3393; S3458; S1377; S0878; S2078; S3223; S2592; S2100; S2501; S4186; S3061; S3811; S2061; S3533; S3597; S3356; S2104; S3714; S3722; HEID504021; S2115; S0055,1,Erysimeae,TRUE
TRIBE,Euclidieae,5735,129,129,1,S4166; S2591; S3451; S2604; S0478; S0680; S1939; S0327; S1241; S1970; S2959; S2971; S0407; S1691; S1475; S3900; S2753; S3898; S3496; S4031; S2719; S2478; S2419; S4359; S0963; S1882; S2423; S4250; S2417; S2922; S3818; S4017; S2163; S4206; S2064; S4078; S2484; S2626; S0645; S4366; S2149; S3959; S2253; S3730; S0289; S0320; S1451; S0299; S3326; S3794; S3916; S2219; S2489; S2618; S2688; S2667; S2644; S3737; S4282; S2541; S3585; S2697; S2164; S2159; S4085; S4154; S3957; S1230; S2131; S0624; S0278; S4241; S2670; S1251; S2444; S4368; SRR8528347; S0421; S2695; S2712; S4162; S4157; S2705; S3955; S2550; S0424; S1977; S1365; S2474; S0480; S1240; S0479; S2701; S0426; S3227; S4106; S4185; S2996; S3006; S2999; S2505; S2986; S2528; S2511; S1875; S3154; S0951; S2563; S1958; S3012; S3136; S3514; S3519; S3097; S3420; S3148; S1960; S4373; S2515; S2226; S4172; S4180; S1239; S0417; S1474; S3016; S1232; S1368; S0428,1,Euclidieae,TRUE
TRIBE,Eudemeae,3214,26,26,1,S1708; S2463; S0277; SRR8528367; S4111; S4133; S1043; S1804; S2939; S1805; S2968; S4076; S1038; S4135; S3042; S1803; S4168; S3121; S1794; S2132; S1795; S1488; S1797; S1090; S1045; S3896,1,Eudemeae,TRUE
TRIBE,Halimolobeae,4115,5,5,1,S0643; S1370; S0405; S1278; S1279,1,Halimolobeae,TRUE
TRIBE,Heliophileae,3113,98,98,1,S1281; S1283; S0880; S0486; S0577; S2433; S0815; S0882; S0485; S0774; S0481; S1434; S0881; S2953; S0887; S0789; S1213; S0883; S0619; S0310; S0829; S0778; S1280; S1069; S3051; S0884; S1663; S1638; S2148; S2152; S1766; S1714; S0686; S3712; S1653; S2465; S1998; S2448; S2507; S2057; S0681; S1658; S3803; S0797; S0823; S1643; S3098; S1660; S1645; S1648; S0687; S1664; S2998; S1644; S0578; S2974; S3044; S1661; S0682; S0816; S1655; S1647; S2424; S2421; S1654; S2150; S2481; S2525; S2957; S1504; S2949; S0775; S0876; S0877; S0875; S3116; S1282; S1313; S0831; S2151; S0833; S3574; S1652; S1657; S2451; S1686; S2066; S0832; S2418; S0892; S0683; S1651; S1662; S1646; S1659; S3572; S0807; S1715,1,Heliophileae,TRUE
TRIBE,Iberideae,3354,25,25,1,S0490; S2315; S1354; S3534; S1933; S4003; SRR1801359; S2254; S1934; S3406; S1936; S1935; S0488; S3929; S4268; S1937; S0487; S2788; S2245; S3792; SRR8528374; S0491; S3466; S2081; S0799,1,Iberideae,TRUE
TRIBE,Iberideae_II,3278,3,3,1,S4278; S0420; S1341,1,Iberideae_II,TRUE
TRIBE,Isatideae,3825,6,6,1,SRR8528365; S0280; S2845; S2847; SRR8528380; S4202,1,Isatideae,TRUE
TRIBE,Kernereae,3972,3,3,1,SRR8528400; SRR8528379; S0906,1,Kernereae,TRUE
TRIBE,Lepidieae,4588,240,240,1,S0507; S1856; S1829; S0581; S1729; S1828; S3129; S1784; S1843; S1750; S1739; S1782; S1848; S0499; S0494; S2983; S1931; 24P89; S4002; S1846; S2965; S1833; S2095; S1753; S1517; S3419; S1858; S1783; S1197; S1771; S1927; S1561; S1825; S0886; S3360; S1790; S0819; S1840; S1821; S1838; S3539; S0822; S1820; S1454; S4336; S1841; S3373; S1850; S1749; S0408; S1924; S0388; S2843; S1788; S3080; S4190; S1010; S3103; S2136; S1847; S0409; S1723; S1751; S3573; S2512; S0628; S3490; S0565; S3614; S0840; S0861; S1773; S1851; S2145; S1826; S1115; S1785; S1834; S1961; SRR1631197; S1808; S3331; S1824; S1306; S1861; S1860; S2244; S1786; S1928; S1822; S1835; S4343; S1930; S0547; S1122; S1857; S2167; S1787; S1440; S0588; S0779; S1811; S1844; S0910; S0908; S1014; S0495; S1926; S1780; S1929; S0824; S1855; S1774; S3992; S4102; S4074; S2146; S1748; S1741; S1842; S1813; S1823; S0825; S1754; S1744; S0973; S4196; S3173; S0410; S1009; S1448; S1923; S1271; S1731; S1740; S2144; S2739; S0783; S0502; S2902; S3167; S2760; S3164; S0497; S1772; S0782; S2896; S2899; S3170; S1859; S2137; S1747; S2138; S1779; 23R64; S3537; S0820; S2682; S1849; S1775; S1776; S1181; S1819; S0716; S2576; S2614; S1812; S3823; S1781; S1853; S1827; S2646; S2629; S2623; S2692; S1289; S0609; S1816; S0374; S1520; S0806; S2249; S1755; S3939; S1760; S0801; S0591; S1777; S1852; S1818; SRR11653891; S1836; S1814; S0389; S0907; S1839; S1752; S2502; S2099; S4042; S0554; S1922; S1728; S1727; S0575; S1837; S0804; S1854; S2708; S1932; S4334; S1778; S2596; S2640; S2691; S2634; S0909; 24P95; S1817; S1831; S2606; S4116; S1334; S2504; S0821; S0504; S0796; S0496; S0503; S2839; S0781; S1562; S1023; S0506; S0787; S0996; S1022; S0948; S0501; S1024,1,Lepidieae,TRUE
TRIBE,Microlepidieae,4128,55,55,1,S3175; S1575; S2901; S1400; S2764; S3165; S2904; S0435; S0411; S1957; S3185; S0947; S3187; S2759; S2740; S2230; S3183; S2895; S2227; S2842; S2237; S2838; S1424; S2755; S1885; S0375; S2221; S0285; S0741; S0946; S0306; S2032; S2893; S0895; S1463; S0728; SRR8528342; S0949; S2738; S1116; S0630; S4004; S2036; S2746; S0896; S1033; S0784; S0509; S0994; S2093; SRR15362839; S2844; S2073; S0941; S2840,1,Microlepidieae,TRUE
TRIBE,Physarieae,4190,124,124,1,S3857; S2470; S2732; S1171; S2439; S0287; S1080; S0764; S1274; S2475; S2735; S1066; S1061; S0300; S2196; S0294; S3865; S0903; S2466; S2198; S2201; S2200; S2459; S1052; S2452; S2487; S2530; S4080; S3089; S3977; S4066; 24P87; S2305; S2446; S2517; S2535; S3064; S2940; S3020; S3975; S3030; S3124; S3056; S2283; S2907; S2233; S2288; S2508; 23R37; S4012; S3013; S2527; S2944; S3083; S2928; S2905; S2573; S3106; S3152; S3111; S2411; S3161; S2432; S0383; S2741; 23R61; S2405; S2408; S2420; S2935; S3146; S3754; 23R47; S2092; S2090; S3025; S3067; S2309; S2426; S3099; S3107; S4087; S2239; S3007; S2107; S2154; S3934; S2454; S3094; S3117; S3086; S3076; S3134; S3036; S2521; S2932; S3137; S3330; S2086; S2566; S3070; 23R52; 23R45; S3140; S2921; S2909; S4110; S2524; S2241; S3979; S2247; S2915; S2729; S3073; S3156; S3130; S3143; SRR8528362; S2413; S3039; S2088; S4072; S2301; S0723,1,Physarieae,TRUE
TRIBE,Schizopetaleae,3258,16,17,0.9411764705882353,S1798; S3060; S1089; S0915; S1065; S1166; S1088; S2416; S1091; S2238; S4118; S2410; S4068; S4145; S2231; SRR8528397,1,Schizopetaleae,TRUE
TRIBE,Sisymbrieae,3573,5,5,1,S1332; S0345; SRR11470309; SRR8528398; SRR8528361,1,Sisymbrieae,TRUE
TRIBE,Stevenieae,5061,9,9,1,S3096; S0722; S1068; S1254; S0792; S0794; S0793; S1252; S0717,1,Stevenieae,TRUE
TRIBE,Thelypodieae,3389,184,189,0.9735449735449735,S1417; S3054; S4107; S2518; S2553; S1096; S4082; S3157; S1799; S2538; SRR495203; S2458; S4152; S3074; S3207; S3738; S3037; S3147; S2973; S2109; S2160; S2469; S2166; S3213; S2551; S2212; S2214; S3024; S2217; S0647; S2155; S4001; S2240; S2162; S2224; S3967; S2091; S2222; S1695; S1712; S1713; S2402; S2540; S3512; S4021; SRR8528388; S3052; S3001; S2529; S2514; S3071; S2559; S3740; S3027; S2555; S1689; S2531; S2216; S2483; S3742; S3029; S3133; S2213; S2987; S3855; S2542; S2228; S3211; S2062; S2557; S2403; S2988; S2963; S0346; S2958; S4005; S2412; S1040; S3010; S3194; S2208; S2203; S3209; S2229; S3110; S0295; S0296; S1792; S1081; S1072; S3981; S2544; S2105; S1098; S3761; S2979; S2176; S1063; S2509; S0519; S3398; S3404; S1118; S1097; S1044; S3401; S0810; S1106; S3413; S3145; S1160; S3680; S0448; S3922; S1699; S2533; S2997; S3004; S3995; S4015; S4378; S2549; S1039; S0754; S1070; S1109; S1099; S0534; S2955; S1002; S3421; S2404; S1117; S1125; S0798; S0516; S1032; S1319; S1704; S0517; S3160; S0518; S4029; S1164; S1497; S1094; S1163; S1698; S2425; S2431; S0727; S1690; S1700; S3408; S1709; S1459; S1464; S1159; S2967; S2970; S4132; S2220; S3101; S1050; S4165; S2232; S2526; S2751; S3973; S0286; S1802; S3049; S3091; S1688; S0521; S0979; S1705; S1793; S3734; S1533; S2536; S1258; S2406; S2503,1,Thelypodieae,TRUE
TRIBE,Thlaspideae,3831,37,37,1,S2813; S2434; S2725; S2582; S0744; S1997; S4170; S2429; SRR8528368; S2619; S0766; S0738; S2977; S3963; S0384; S3224; S4067; S3839; S0745; S3756; SRR8528336; S2169; S1214; S3159; S4109; S4213; S1376; S1422; S0381; S0292; S1449; S4214; S1419; S1366; S4371; S3741; S2479,1,Thlaspideae,TRUE
